id,first_name,last_name,email,gender,income
90195a31-b4c7-48e2-907c-6ee01adf15ab,Tatum,Neill,tneill0@engadget.com,Male,77199
58d3a73c-4da4-40af-a1c6-d022649d9ae0,Charyl,Millwall,cmillwall1@ted.com,Female,67874
d4530224-b65b-4b16-a6fb-982f74f3809d,Daron,Diemer,ddiemer2@usnews.com,Male,240275
966043b8-4a9d-4003-a9b2-0f4b23daff36,Alysia,Mongeot,amongeot3@naver.com,Male,128288
042d1610-ec72-4cfa-a7ff-96f3d503793f,Dun,Winsley,dwinsley4@smugmug.com,Male,199700
3f69c782-0fcb-4a40-bde4-01131aeb49f9,Jazmin,Adame,jadame5@symantec.com,Male,67690
8a782091-e813-4252-a147-18891bfae49e,Skylar,Olphert,solphert6@squarespace.com,Female,118449
72b70406-afee-45a4-a62c-60a66f8d37b2,Martica,Crutchfield,mcrutchfield7@fema.gov,Female,153931
38d9430d-b9fe-4fe3-ba94-0bf4313ba8c0,Amata,Kitchinghan,akitchinghan8@liveinternet.ru,Male,218987
af46f9cb-97a5-453d-8a9c-e080390a58e8,Keen,Pipkin,kpipkin9@printfriendly.com,Female,249003
5cbc859a-f46b-4915-b9c4-fdc750bb2011,David,Meneghelli,dmeneghellia@springer.com,Male,92989
866336b1-542b-4520-803f-44d597ca2e8d,Deanne,Fritz,dfritzb@toplist.cz,Genderqueer,93730
7bb38bc1-b959-4423-b574-d6804f0f8f8b,Tish,Blindt,tblindtc@t.co,Male,200915
bc443f2c-d54b-4d9a-a99c-3e7fd19f6e7e,Sunny,Proske,sprosked@uiuc.edu,Male,99699
542f0ed7-5670-4d7f-bfa3-565be00956e8,Charles,Mobius,cmobiuse@reuters.com,Female,227461
d1503545-390c-4886-a384-654d85e1e0f3,Wright,Canellas,wcanellasf@over-blog.com,Female,149523
d281748b-5521-4555-8b43-51b003a1cde8,Gabriell,Seabright,gseabrightg@toplist.cz,Male,133717
80b1e67b-f2d4-406c-9dcf-3a161937b672,Lacy,Siddele,lsiddeleh@nsw.gov.au,Male,120172
641d1b8d-4bd8-4975-8a4c-95b75dd9490b,Harriette,Biasioli,hbiasiolii@ustream.tv,Female,116892
76f74eb1-c884-44e2-b05a-6a54b99e1de7,Shalom,Spivey,sspiveyj@globo.com,Male,235397
b113ae5d-8986-40f6-8ea1-49f569954dd1,Robert,Hillett,rhillettk@blogtalkradio.com,Male,193863
c84b54f3-0e7e-4121-8054-37ea41a98385,Zelma,Spinnace,zspinnacel@naver.com,Male,178768
6684b6c3-46e0-4a65-b016-8f847bc01c4a,Darbie,Standen,dstandenm@youtu.be,Male,177639
52ae4693-7784-4caa-a0d3-1a86bac30495,Catherin,Guierre,cguierren@epa.gov,Female,185729
16d6cefe-10ab-4af4-9f63-d032a30f769b,Elsworth,Colvie,ecolvieo@barnesandnoble.com,Female,223382
c9affa37-b0ab-4633-bc58-ad3731507620,William,Denidge,wdenidgep@etsy.com,Male,97115
95f18183-071d-482e-9200-d8d65a82d5e1,Matt,Featherbie,mfeatherbieq@posterous.com,Male,215170
61d0bd38-bc9d-42c8-900a-24471b21a2a0,Collete,Patrick,cpatrickr@plala.or.jp,Male,58374
6143228d-c2d5-47dd-802a-3aee8de1095c,Guenna,Daton,gdatons@simplemachines.org,Male,226478
a2dab2ea-7d2f-402d-9f29-e4d4587a589b,Aguie,Whiten,awhitent@wp.com,Female,204259
7aff73e6-3b8c-445e-9147-dce2804fe67f,Kalli,Allington,kallingtonu@bigcartel.com,Male,124832
b72445bc-1a6a-4841-afde-5eb0ff5a2c69,Mylo,Moneti,mmonetiv@cisco.com,Male,169512
df080cca-138b-4085-b9d5-4dbfa5e4bf3b,Lauren,Gratrex,lgratrexw@storify.com,Female,192858
08444ee8-893d-45a1-8c36-abf99970ff77,Madeline,Gallager,mgallagerx@arstechnica.com,Male,95032
5df2c26d-2f30-499d-99db-6e245e0cbbfe,Austen,Staggs,astaggsy@sourceforge.net,Male,213925
094c1d9c-d7e7-4117-8296-43aba46d7af6,Lurette,Westhofer,lwesthoferz@wordpress.org,Female,63503
ab968a72-c6d5-4241-a3ec-a36cee3f0561,Efrem,Skittle,eskittle10@nbcnews.com,Female,112956
0b6728a1-1bd9-487c-b78e-b8c864fdf322,Gabriele,Challoner,gchalloner11@nhs.uk,Female,149281
11877862-192c-4cdf-a809-f8d32547a466,Gare,Le Pruvost,glepruvost12@uol.com.br,Female,80099
a58e4d06-4fde-467e-b755-b4b3a2dadc3b,Roana,Kettlesing,rkettlesing13@buzzfeed.com,Male,150898
9ae156d0-cade-40d7-b5d8-e028eea9e758,Elli,Diggell,ediggell14@ft.com,Female,176471
f65dec31-5698-4072-a80d-a9609e2a42c4,Timofei,Simmance,tsimmance15@exblog.jp,Male,154541
f4a33d09-35d5-4eb2-8214-513fcbf59359,Tobin,Glenister,tglenister16@japanpost.jp,Polygender,247796
710deadb-f933-40d4-840b-f44357c29bae,Willis,Leivesley,wleivesley17@prnewswire.com,Male,100173
56138936-f92a-4690-8bfc-d561b6946df3,Gram,Fedder,gfedder18@cdbaby.com,Male,201445
0a30c150-6d9f-4ad6-aab2-eed2178ad341,Carlota,Prendiville,cprendiville19@github.io,Male,60309
fff85f08-6354-4050-9901-7d73a7492c82,Rudolph,Clibbery,rclibbery1a@ted.com,Male,158358
4793f57d-7798-46cf-8579-3061dac30fb5,Yevette,Schohier,yschohier1b@blogs.com,Male,153214
78a3d9ed-19aa-4490-a09a-7889bac530a4,Lily,Dodamead,ldodamead1c@umn.edu,Male,64410
902831b0-a1cf-4208-8bf4-7a468e79dbd3,Alfy,Plues,aplues1d@goodreads.com,Male,233372
92790eca-fd96-4ad0-8f43-351e15816d2c,Alene,Itzak,aitzak1e@hubpages.com,Female,245007
ec3391a6-7332-4c9f-b453-ebfebee54869,Lanie,Michie,lmichie1f@php.net,Female,150418
f76d0068-2e3a-4acf-92a9-8d585f640fcb,Winni,Tesseyman,wtesseyman1g@technorati.com,Female,126328
daf7c2fe-de4f-45f4-aec7-30d583b4b34d,Aloysius,Simcock,asimcock1h@unblog.fr,Male,145185
c81166da-4273-4c59-afde-bdfb93ee101d,Gardiner,Gavrielly,ggavrielly1i@freewebs.com,Female,95294
3e7d0654-1232-4d25-81f6-39df3f19da0e,Sonya,Kiff,skiff1j@nytimes.com,Genderqueer,212010
28148e2b-51f1-4c53-b9d5-dc243a808b53,Tuesday,Goldsby,tgoldsby1k@reference.com,Male,246695
b32e27cc-1346-4cde-831b-287f2e1de5c1,Jemmie,Anfosso,janfosso1l@desdev.cn,Male,180253
04156657-838d-4eb5-a7db-6e2467b05af6,Phaidra,Worsell,pworsell1m@skype.com,Female,58719
29a85e88-35dc-4e93-a574-84d73f1bd4a7,Markos,Isted,misted1n@mail.ru,Agender,
06de2102-f625-4707-a688-a9a36f9aaeb4,Julietta,Dyke,jdyke1o@mapy.cz,Male,64303
41c66fa6-5da2-49cd-b266-0cf3827f9da4,Rad,Vasilik,rvasilik1p@twitter.com,Male,57469
78888ba2-4a0d-400b-a2fe-49be316f53b5,Betsey,Lansdown,blansdown1q@cdc.gov,,76530
266b6abe-07b8-48d6-90d2-595df9ad825b,Georgi,Ovid,govid1r@mapy.cz,Female,99822
61075a07-7d7a-4bcc-8dbc-2efe759a462e,Lenna,Shave,lshave1s@symantec.com,Male,
1ac6acdc-010d-444c-a71e-e2948113ffa9,Clary,Shawell,cshawell1t@dropbox.com,Female,214934
d23ddad7-fa18-4c46-b537-6848582ee1f3,Penny,Vlahos,pvlahos1u@devhub.com,Male,159034
cbbb48b2-be92-4686-95b6-1046f13f75bc,Neils,Gillard,ngillard1v@ft.com,Female,104049
24c77174-611d-48dd-86cc-8449bea6b4ab,Roxi,Ferre,rferre1w@soup.io,Male,178603
2f74752b-2c53-4b4a-be79-eb479c33b903,Ellene,Scholtis,escholtis1x@twitpic.com,Male,71919
8ab944ff-cc5c-4b1e-973a-1583b7d1339b,Eloisa,Rehn,erehn1y@chronoengine.com,Male,127487
8e7deb6c-a689-4f16-bd46-52b8a6accd74,Nicki,Chichgar,nchichgar1z@360.cn,Male,98535
0f76a103-f8de-43ea-86ed-4fcd9f779e9c,Lem,Cammack,lcammack20@pbs.org,Genderfluid,74764
efb046e3-167e-404c-b8ca-2fdfde5c0156,Elmo,Marvelley,emarvelley21@forbes.com,Male,132626
418b1b37-e2b3-45af-9efd-875abfdefd3d,Clemence,Portriss,cportriss22@com.com,Male,116304
38b6e352-d535-4a99-9d76-144f248cee00,Riannon,Kohtler,rkohtler23@samsung.com,Female,120891
c5460938-9f15-495e-94f4-1a5fca85e960,Crista,Trimby,ctrimby24@ebay.com,Male,176134
94b9e848-a31d-424d-97fe-2bf86c6673f3,Cariotta,Maffia,cmaffia25@uiuc.edu,Male,144734
98f14905-1bcb-4023-8af1-fd1719e726a6,Derril,Mynett,dmynett26@cam.ac.uk,Male,194153
04bc8902-f3a5-4d54-b187-3aa864882c6d,Doria,Alderton,dalderton27@princeton.edu,Female,248006
b5ec4808-439a-45a4-85d8-49ef9fabd661,Binni,Symson,bsymson28@over-blog.com,Bigender,160257
73767705-7cbc-4434-a4c5-f3ee540a5990,Roobbie,Mangeot,rmangeot29@netvibes.com,Female,146882
05b02da6-0dcf-4f40-b209-e7ab5ee8d7b2,Charlot,Carolan,ccarolan2a@wordpress.org,Female,206710
f4adceb5-f1b6-462c-aa6c-1ab9ef3d2277,Annis,Sherratt,asherratt2b@oakley.com,Male,51162
636553a5-d443-42f7-b966-19db71e0ae39,Sky,Kernar,skernar2c@vimeo.com,Male,118174
6d8230cf-d4a5-472e-adb4-1703dd6d1962,Wyn,Pettegre,wpettegre2d@friendfeed.com,Female,199604
10b9ef6e-faaa-4a79-807e-d70e5c8659e5,Phillida,McCuffie,pmccuffie2e@rediff.com,Genderfluid,192170
07d61e2a-426e-4427-9b26-0be72e719776,Robin,Dabes,rdabes2f@sourceforge.net,Female,
688a2676-6666-4810-96ef-24bcefcefff1,Allister,Duell,aduell2g@biblegateway.com,Female,95746
a5371e6d-e538-4d81-9269-b7c7bcc967b1,Harry,Bracknell,hbracknell2h@blogspot.com,Female,211019
ff84bdfa-2754-4f2e-9fda-f78d2b0cf54f,Tanny,Blowing,tblowing2i@cdc.gov,Female,205284
5b716abc-be5e-4ee3-a1c5-46ed2fb3ab78,Harmony,Sidwell,hsidwell2j@ebay.com,Female,136588
7684664a-471f-4da3-bbfe-7e9712e437b0,Adey,Malamore,amalamore2k@npr.org,Male,132740
c491de9d-1324-422c-8016-582e6d5b7f50,Jodi,Slimmon,jslimmon2l@stumbleupon.com,,64409
f38babea-7265-42ee-a5b2-7d161ae1e5c8,Geri,Boulstridge,gboulstridge2m@fc2.com,Female,115119
ffc6b236-3abb-410a-ab0f-395e0a35ba60,Cicely,Bigby,cbigby2n@dropbox.com,Female,99574
ae1eb204-5780-4d45-af28-6b7a0078a0c5,Kasper,Geraldez,kgeraldez2o@google.co.uk,Male,187705
68a8688f-a8f7-4c8e-8614-a768b22983be,Britteny,Taberner,btaberner2p@twitter.com,Male,105425
117ddf1e-6044-41b0-b348-777a84046ac5,Aaren,McCorkindale,amccorkindale2q@live.com,Male,190356
2b2f021a-2804-48b5-a764-b98f6b81775f,Adrian,Bartolommeo,abartolommeo2r@sourceforge.net,Female,222115
971dfbf0-a7cc-40cc-8344-d138c6ff457c,Bill,Petroselli,bpetroselli2s@vkontakte.ru,Genderqueer,110550
a66b1d9e-7223-4630-9984-8b17a0250d50,Loni,Brumwell,lbrumwell2t@theguardian.com,Female,197224
63f47339-cef1-4a5b-a1e2-1e21243a0b56,Chrissy,Jansky,cjansky2u@mapquest.com,Female,154208
dabb9c6e-daa0-4569-8077-7773cf27f943,Annice,Vedenyapin,avedenyapin2v@vk.com,Female,178126
100b8252-8758-4194-b1fa-6c099dbcfb64,Jennie,Spruce,jspruce2w@t.co,Male,64492
86ca8409-2bba-438d-b781-045cae8befa2,Merv,Giacomello,mgiacomello2x@alibaba.com,Female,214782
92587f9d-9dae-4986-ba59-3010534bba20,Kelly,Stollwerck,kstollwerck2y@ca.gov,Female,245266
34475a7a-826e-4b11-8677-73042d8301d3,Bethina,Harsum,bharsum2z@photobucket.com,Female,180660
eda6f630-c58a-4b8c-829b-d04693557e28,Barry,Ludmann,bludmann30@blinklist.com,Male,68237
41ecffaf-8956-4f16-a8a9-473d1cfefa63,Marcille,Searson,msearson31@webmd.com,Female,142154
4ecb5b8d-7581-4415-aca1-beb6ae09f279,Stoddard,Bleakman,sbleakman32@usda.gov,Female,113179
aaa99ae8-f9c2-41bc-abc9-5ef775387ebc,Malissia,Lidierth,mlidierth33@seattletimes.com,Female,84621
da2d98a2-1c4a-49b1-aa8b-a7d4f12fb098,Zebulon,Prandini,zprandini34@scribd.com,Female,131033
8ae0d366-2462-4337-ba70-5baff85dfc02,Willie,Huntar,whuntar35@ovh.net,Female,75770
e5d87199-0b9f-4ca6-8e94-1c288707e80c,Bernelle,Pozer,bpozer36@cam.ac.uk,Male,86966
9bb783a2-f455-48b8-b78f-8cd72236ff8c,Orion,Outerbridge,oouterbridge37@mozilla.org,Female,213228
78f7cb37-9122-43d5-aee4-e279fc56b89d,Helaina,Harbar,hharbar38@ning.com,Polygender,99216
b4ba6bbd-9c94-4832-a56e-6cb7ce764674,Stevy,Simonutti,ssimonutti39@privacy.gov.au,Female,66419
57ecd9ef-d96f-43f2-b9ed-7b84a49d1743,Caria,Haryngton,charyngton3a@cpanel.net,Female,128323
680485b2-1bce-4714-bcae-42fc21f18976,Berenice,Haddon,bhaddon3b@g.co,Female,203489
363b906f-f5d9-4960-9dd5-5180b40447c7,Artemus,Steptow,asteptow3c@sciencedaily.com,Female,98046
dee662cc-c8e0-407c-8a0a-37d5ae84dfc3,Henriette,Angier,hangier3d@un.org,Female,216683
b0830ee6-8e6d-4429-932c-3dfa0f11eb6d,Rudd,Jermin,rjermin3e@weather.com,Male,186158
8616e68f-0a01-4227-bfc7-e24b251f1f86,Paige,Mitchely,pmitchely3f@freewebs.com,Male,63632
91543770-0506-469b-842c-745105eb9738,Boycey,Ellesworth,bellesworth3g@dyndns.org,Male,129569
4f079422-d1e9-446d-8605-3ea007cb1616,Barbe,Seedman,bseedman3h@prlog.org,Male,101720
bfbe4c44-a588-4653-8d07-b9670dfd4756,Randene,Blei,rblei3i@time.com,Male,139520
eaa6b4d0-2b9b-4626-a031-f40f3a8e1c28,Freeman,Sabbins,fsabbins3j@edublogs.org,Female,168250
0dc9f1d1-79cf-4923-a933-841e51c003bf,Melany,Pole,mpole3k@wufoo.com,Bigender,199986
543e684c-5cf1-40e9-81bb-62482d10c79c,Miquela,Whistlecroft,mwhistlecroft3l@whitehouse.gov,Female,232406
e9e34abe-d0aa-4af8-8890-fd5f373d67bc,Diahann,Frearson,dfrearson3m@telegraph.co.uk,Female,
a859d103-62ed-4dbe-b319-804ece8c0aac,Toddie,Glencorse,tglencorse3n@dell.com,Male,101478
b012c41a-19fb-4cad-8735-6f2a7393c758,Flss,Tither,ftither3o@tripadvisor.com,Female,121277
430386ed-3d10-4948-adc7-ee7a19c22861,George,Olliff,golliff3p@dmoz.org,Female,247260
5ae5202b-bcd8-4180-affe-3fb321fd7fdf,Giorgia,Melesk,gmelesk3q@slate.com,Female,178916
a7e8e1dc-2fa3-4fb2-bcd3-de3adb515dcb,Diane-marie,MacNockater,dmacnockater3r@blogger.com,Female,236112
065f9da6-0ba1-451e-82c1-e79c6d63d221,Ada,Zanetto,azanetto3s@themeforest.net,Male,109995
599d85da-8fb1-49f2-85c7-43900f321c42,Tabatha,Addy,taddy3t@fc2.com,Genderfluid,91843
d18a2bf7-39d0-4610-9f51-099324e2f437,Thane,Stoddard,tstoddard3u@mail.ru,Female,178766
fa016e96-141a-4f4b-8123-4a7b3420cef8,Aloise,Cestard,acestard3v@joomla.org,,210593
6e7c6493-9cda-4a1f-a994-5e13e3103836,Georgena,Nend,gnend3w@adobe.com,Female,68091
0727a7a3-51cc-45dc-bc6a-f0a28a5eceab,Corilla,Shirlaw,cshirlaw3x@stanford.edu,Female,71516
256cf334-cea8-4a28-a283-d80f7092eaa3,Camille,Jessopp,cjessopp3y@amazon.co.uk,Female,155880
ee59d095-38b4-46a5-b051-d7ad2340f65e,Carlie,Gladbach,cgladbach3z@list-manage.com,Female,164862
277cdfc0-18d9-4f8f-b79c-c97547752463,Lita,Pracy,lpracy40@umn.edu,,74453
2e5dd77d-d01e-48ff-b128-c0f29e5b4ee7,Tynan,Valasek,tvalasek41@joomla.org,Female,178433
2db3167a-1183-4de6-b6f5-3642386d5de6,Loren,Cartledge,lcartledge42@sphinn.com,Female,178146
2b26b239-4a2c-44f0-a474-f12cc4f93282,Robinette,Attrill,rattrill43@businessweek.com,Female,115737
f106d1c4-8e0e-4345-9400-ec72afa114a6,Natalya,Mosson,nmosson44@networksolutions.com,Male,137061
ece5e2ed-b113-4ecf-bb77-2108e95fec8a,Beauregard,McKissack,bmckissack45@so-net.ne.jp,Male,225767
529ef0b2-d189-47f9-8d5f-dc8484dcfc5d,Saxon,Presho,spresho46@edublogs.org,Male,159322
9ee980d6-f740-4ccf-b484-fcfd2f3bcc13,Tad,Woodcraft,twoodcraft47@wix.com,Male,113345
f955a284-ecf9-4b8e-bf01-37246a874793,Vida,Stothert,vstothert48@cpanel.net,Male,77992
b0b522ec-d0bc-4290-9368-a30469267a1e,Cami,Hospital,chospital49@howstuffworks.com,Female,206588
9ebe9728-c040-4705-b248-782447c002e2,Cinda,Bakewell,cbakewell4a@blogtalkradio.com,Polygender,196898
552a8614-f3cf-4a6c-b822-15fb84dec046,Alane,Rosenvasser,arosenvasser4b@sitemeter.com,Female,180955
f91bc0da-a9ff-4297-a784-2dfb513df15b,Ricki,Tinner,rtinner4c@desdev.cn,Male,109862
e908414c-8409-415f-9f73-166ca76a1607,Abelard,Royle,aroyle4d@answers.com,Male,133739
e9fe6009-1459-4abf-933c-69729969ca20,Antonio,Traynor,atraynor4e@google.ru,Male,188470
7516fbe1-2c15-4425-8344-721cdada1eeb,Anastassia,Odhams,aodhams4f@geocities.com,Female,247192
00367670-1c2d-4262-a218-4083e8cdeb43,Kerrin,Heathorn,kheathorn4g@wikispaces.com,Male,140697
dd7ad601-9af1-430e-9981-64a1b6da95d8,Flor,Bartholat,fbartholat4h@amazon.com,Male,
b51322f9-596d-4cce-86c6-8c72a10efda3,Obediah,Chasemoore,ochasemoore4i@hhs.gov,Female,240917
3ea038d6-10d5-4a7c-ab56-5dc9302a3e9b,Adrienne,Kerss,akerss4j@marketwatch.com,Male,165307
94136232-f58f-441e-a5c9-b732051c8a6e,Page,Cheal,pcheal4k@hhs.gov,,85483
65cb1529-faac-43de-a21d-f0f06ec25017,Gerome,Caldera,gcaldera4l@people.com.cn,Agender,90974
24c01680-2933-43e7-8dd0-4441c9d2eec9,Sib,Trazzi,strazzi4m@hexun.com,Female,195259
4f91e544-b8b2-4a31-b6dc-c99c65650b3f,Charmane,McOmish,cmcomish4n@ebay.com,Male,123546
55fef4b2-ff3c-4697-b17a-cdd96c2024b9,Liam,Binney,lbinney4o@google.fr,Female,125643
8b0d469f-640e-41c3-bcc4-af41a925c317,Wittie,Eyer,weyer4p@globo.com,Male,112352
d6441649-4fc8-401e-aeb9-26e288a08bdf,Faith,Pinchon,fpinchon4q@wired.com,Female,80405
0c6877be-aee1-45c5-ad20-d23e7361ab6c,Denys,Parkins,dparkins4r@netscape.com,Male,189427
260d50db-23ea-4432-92c3-5a0c5afeb588,Bendick,Belderfield,bbelderfield4s@yahoo.co.jp,Non-binary,192068
11cbc0af-c64c-489f-9ddd-b08e87fed6c4,Pattie,Charnick,pcharnick4t@state.gov,Female,192790
a5db3604-4521-4664-b260-27b90f3d144e,Korella,Beedom,kbeedom4u@shop-pro.jp,Female,107829
fc802071-f6e4-424f-bb3c-e1ad2edcf04a,Chen,Arondel,carondel4v@intel.com,Male,89567
e78ce8b9-e3b1-4466-b931-7237fe9a4c58,Sioux,Heeran,sheeran4w@webeden.co.uk,Female,58441
cde539d4-325a-4aaf-9218-cdaccbf32172,Carlynn,Bremmell,cbremmell4x@arstechnica.com,Male,242867
b5e5d8d2-7e75-4073-ba77-ba1177f5f175,Yorke,Mapis,ymapis4y@uol.com.br,Male,207459
1de5da13-6a8c-45a2-9963-7acdc58cda48,Deina,Tebbe,dtebbe4z@is.gd,Female,162252
b218ec98-7182-4f97-a787-1b0262ae633e,Timmi,Simonetti,tsimonetti50@posterous.com,Female,181281
33270414-2361-44bd-8346-bbd00e61febe,Jeffrey,Gilhouley,jgilhouley51@histats.com,Male,74895
54de7f8f-309a-4848-a174-6ba36d0980bf,Mahmoud,Wilcott,mwilcott52@t.co,Female,
b6564244-34e0-4fc0-a5f2-9b70e52cafff,Hatti,Haddacks,hhaddacks53@bbb.org,Male,
564747bd-541e-48a3-ab7a-8459ae6a1e88,Hanan,Speariett,hspeariett54@nih.gov,Male,229765
e29c8a0b-64a9-4339-a4dc-933955ab9f47,Leah,Taborre,ltaborre55@newsvine.com,Male,221376
921a5c8d-bdd5-46bf-a329-b18c7148f10d,Bee,Trenfield,btrenfield56@uol.com.br,Male,92031
722c4025-f9d9-433f-ab0c-7cd59544d84c,Carver,Mauchline,cmauchline57@huffingtonpost.com,Male,224355
322e834d-d5aa-4348-ad81-08f5bce9a143,Perrine,Artiss,partiss58@businesswire.com,Male,169860
63e63572-5aa1-4de5-ad0f-4df1dfbebe65,Carmelita,Leas,cleas59@flickr.com,Female,51107
30ab143e-26fc-49c6-a8f1-cb52b6cbb61b,Querida,Oswald,qoswald5a@squidoo.com,Genderqueer,70786
62a3ec68-bc92-4d23-aea5-749c63e5c8e7,Pall,Bandiera,pbandiera5b@umich.edu,Agender,195621
95d8b164-93c5-41d8-97c9-3d88442a12f7,Ardeen,Ghioni,aghioni5c@narod.ru,Female,87882
3bb9de96-0e6b-48c6-8ca7-65b6f61d4e89,Biddie,Bwy,bbwy5d@livejournal.com,Male,56815
9906e218-30d3-4421-9b3f-aa49b5d6c5cd,Stephenie,Jowitt,sjowitt5e@dyndns.org,Female,71317
9cef9bb3-2247-40fc-a7ff-072f4e472eec,Ransom,Brocket,rbrocket5f@theguardian.com,Female,217512
6a0c0896-7769-4327-85fa-f510b32b3d59,Penn,Lansly,plansly5g@harvard.edu,Male,230905
9231d3df-1397-4911-8387-8e781e117a99,Mathew,Schulze,mschulze5h@cmu.edu,Female,244034
02c455d0-fc78-4087-8a97-5fbce90acd2e,Anya,Bachman,abachman5i@spotify.com,Male,181587
a73cca41-e070-49ea-9300-ce5aefef5937,Rycca,Klehyn,rklehyn5j@csmonitor.com,Male,203209
c2d74f95-7f21-4a00-83ca-e4063aa037a9,Curtice,Kinsett,ckinsett5k@bloglines.com,Male,247923
187dc016-dd25-47a6-a29a-a0045c944923,Correy,Dran,cdran5l@mail.ru,,119985
059c71d3-fb84-454a-8aff-8aecffb1d9fd,Perry,Ashford,pashford5m@shinystat.com,Male,111193
54f81abe-3175-4ecf-80f7-2a8f0eaea278,Lyle,Wigan,lwigan5n@baidu.com,Female,58878
0449d6f6-dc3f-4a4e-9cb0-d68c37ef4c92,Jessie,Langham,jlangham5o@infoseek.co.jp,Male,155926
28634888-208f-4a95-bf70-509f4c1ac88c,Babita,Zum Felde,bzumfelde5p@upenn.edu,Male,
611dddcb-6392-43f1-8590-cfd430e1b06e,Wilfrid,Filan,wfilan5q@tripod.com,,113069
e6e0a093-8555-4589-aa8c-d338c5c327ce,Tomasine,Morrott,tmorrott5r@hhs.gov,Male,51434
953e5693-2ab7-440e-a70c-ce604ad5e778,Tersina,Cribbins,tcribbins5s@sfgate.com,Female,187562
faf7044c-d223-4138-8c26-25a79ced2267,Huey,Dalrymple,hdalrymple5t@e-recht24.de,Female,96681
a9c0f510-d3bf-4d42-8e5c-3fd66b106d50,Bev,Bullard,bbullard5u@liveinternet.ru,Female,232497
f02ed55c-6e70-4ff9-a810-2bc851315831,Jenna,McCaughey,jmccaughey5v@amazon.co.uk,Male,115202
2cde3d72-42a3-47ef-9406-e50ee06f1b55,Shae,Kohlerman,skohlerman5w@tmall.com,Male,163791
54f361bd-8f7a-4e4b-94fa-0f57976339e8,Rudiger,Evetts,revetts5x@cdbaby.com,Female,156421
ee544fb4-bb68-4fec-9e05-7f503dafaea0,Sarena,Gravener,sgravener5y@angelfire.com,Male,109003
75938536-7241-42e9-b6c6-a0d9b033050b,Raye,Genike,rgenike5z@godaddy.com,Female,242592
9afae0cf-4746-4654-a69a-7368156c7cde,Chickie,Curedale,ccuredale60@bloglines.com,Male,125503
ba1d91c8-e1da-4b01-bd6e-a51345b367f8,Shellysheldon,Offell,soffell61@lycos.com,Male,85820
15eb91ed-0b18-450f-a6cf-59f9981b3be1,Margette,Franc,mfranc62@aboutads.info,Female,245079
3f6361f3-8e15-48a0-a48e-24c8d71ccbf1,Flore,Kenen,fkenen63@hibu.com,Female,139036
b33e9d81-8c78-40dc-82dd-448ca705cc3a,Griselda,Grinin,ggrinin64@unc.edu,Female,51059
787ead8c-6a6f-4c74-b2ff-ab536735fa41,Eadmund,Bedson,ebedson65@domainmarket.com,Bigender,244086
ae1ede53-24a0-471f-af3d-8e678c569f4f,Renee,Runcieman,rruncieman66@princeton.edu,Male,176433
7df64282-3ea0-437f-9142-58d3baf5a8bf,Lennard,Lawless,llawless67@twitpic.com,,79584
27ac6d6f-539e-4132-8562-c00f590f5a50,Tammara,Liepmann,tliepmann68@google.pl,Male,
2aaaaacb-dcb1-4e8e-9aef-70da819d6562,Adriena,Creyke,acreyke69@is.gd,Female,
43b01f9c-141e-4e25-91ed-fd517a65aaf4,Cloris,Mattheus,cmattheus6a@issuu.com,Male,224293
54f4ce83-b180-4aee-b3c7-333a7853e90b,Judah,Leatherbarrow,jleatherbarrow6b@photobucket.com,Non-binary,149930
ba1b670d-0e52-4f56-ae8e-c1285db1e985,Gerome,Frostdicke,gfrostdicke6c@aol.com,Female,219159
556afa5f-2710-42aa-bd3f-763b59646f04,Marlyn,Stewart,mstewart6d@europa.eu,Male,
91ff49ce-947b-4336-bfaf-1ee3f6b0af65,Amara,Janjic,ajanjic6e@4shared.com,Bigender,182810
4c619222-d73b-4093-85c7-f0b6fa790c4a,Holly,Illiston,hilliston6f@cnbc.com,Female,183950
da717dd4-9011-497e-8a35-77dc5bc66a83,Rodrigo,Castagneri,rcastagneri6g@booking.com,Female,143880
286bbeb9-3152-488b-802b-19bfb6caedf9,Darcey,Dimmack,ddimmack6h@pinterest.com,Female,116705
336f6b00-f358-43b0-9fa9-6e79aa2a8466,Marcos,Salman,msalman6i@sbwire.com,Male,220290
f93dbd68-266d-42ea-893e-9ff5c2b5c117,Chiarra,Larraway,clarraway6j@fotki.com,Male,142391
af274857-aad4-4970-b5d2-6c4890da17af,Briana,Ainscough,bainscough6k@businessweek.com,Male,
9ba84f90-98c7-428d-90c2-83b00cbf3cab,Kristian,Hillyatt,khillyatt6l@ucoz.ru,Male,229846
b1e3b189-7e7e-4eaa-b4c9-73b065629e3d,Edwina,Ygoe,eygoe6m@apple.com,Female,75456
bf2dda72-49fa-4fea-9a12-6c60c056355f,Bentley,Ralfe,bralfe6n@domainmarket.com,Female,151379
c6e1e159-eafa-4f30-b4dc-b04753eb6f6a,Clarette,Bindley,cbindley6o@posterous.com,Male,117153
3f7ef988-9771-4ea5-b00e-e65b7954de40,Mack,Titlow,mtitlow6p@blinklist.com,Male,241473
ef8c8981-0d84-46cf-a623-edc3f0ec24ca,Pietro,Harris,pharris6q@google.it,Female,67315
c48e3e5c-af89-4dce-aa37-cfdb82025907,Fidelity,Broyd,fbroyd6r@hud.gov,Male,233265
66d9e8b9-093f-4556-a145-1c9d17fb7afb,Isobel,McAughtry,imcaughtry6s@free.fr,Female,154707
0671b73d-5d6d-4f86-a9a1-57486f6e72ea,Gordon,Flemyng,gflemyng6t@symantec.com,Male,120870
c3bbc696-57b4-4b14-91cd-1e235d4b4177,Jens,Greste,jgreste6u@usgs.gov,Female,79187
88828ecf-ff6b-40d0-942e-e2350c784e60,Sheridan,Gately,sgately6v@live.com,Female,100371
cb928efc-57ab-4a2e-a19a-3504a4c239e4,Bartholemy,Phythean,bphythean6w@cdc.gov,Female,193398
68cb5eca-9578-45d7-9fe7-3a81bef90150,Melosa,Ouver,mouver6x@seesaa.net,Female,102644
a557e899-e886-49ec-a8b2-ea7cd1fe0d5b,Whit,Ireson,wireson6y@chronoengine.com,Female,149471
3c3fabda-aedc-42f3-bb31-ab24bd9fa34c,Rubin,Shier,rshier6z@1und1.de,Genderqueer,249680
a812aa3a-081d-458c-a04a-c32ca4403153,Casar,Bleasby,cbleasby70@instagram.com,Female,128682
2ca7b89e-4b2d-4435-b027-73d0636c808f,Em,Stodhart,estodhart71@aol.com,Male,236831
57d949bc-4c44-4b48-85ef-7aecf7dafe59,Dorthea,Melwall,dmelwall72@wix.com,Female,226965
e899339d-d0ff-445c-8366-b87fb41ab38a,Miranda,Fryman,mfryman73@tmall.com,Genderfluid,50912
5a18f886-f16b-4e7e-8cf4-9b73cb4a0ac8,Clyde,Vigne,cvigne74@dailymotion.com,Female,133566
66908dac-b56b-429e-8ef0-674149d682d2,Corilla,Challener,cchallener75@canalblog.com,Polygender,211992
0424c845-f4e1-40d4-8277-f9adf1e18aa4,Otes,Vyel,ovyel76@booking.com,Female,115504
4d3b8a0f-14e0-4ec6-af58-dd631204a5de,Eartha,Burleigh,eburleigh77@ycombinator.com,Female,157420
80dd4c0b-a2d3-4641-9bff-fbe1dd24429f,Chrissy,Borrington,cborrington78@nps.gov,Female,55543
61a19d1a-d457-4ee6-8775-9b7c5839509c,Livia,Gruszczak,lgruszczak79@illinois.edu,Bigender,126961
5980cb13-c1d4-441f-ba70-0412b24e8f3d,Sallee,Cranage,scranage7a@sun.com,Female,164867
6edc82f0-dce0-4cd2-8e7b-77d264225103,Leona,Radleigh,lradleigh7b@is.gd,Female,79101
dc967953-55c0-4777-b32a-edecce35d881,Read,Hamblyn,rhamblyn7c@google.co.uk,Female,156226
c10139c3-214e-42fc-be39-65c1df9b462c,Minerva,Benting,mbenting7d@sciencedirect.com,Bigender,121158
d5f581a7-2980-440b-820c-6a3b722b382e,Cahra,Jeyness,cjeyness7e@oaic.gov.au,Male,60457
ae4aa4fe-f23c-4d60-9294-50ff95eb1ce9,Tommie,Schole,tschole7f@prlog.org,Male,120648
1713bf2f-8a30-4be3-8945-5d20830c5246,Turner,Litherborough,tlitherborough7g@alibaba.com,Female,243546
07e67b6f-de8b-46ac-9a60-fbc97bd7843f,Freda,Oldis,foldis7h@discuz.net,Male,240801
12f6c866-e5bc-4ab9-a513-b72a03acb6d9,Grete,Sharma,gsharma7i@hexun.com,Female,176523
1839b984-d677-41f0-a3b9-37e935a15bea,Dasya,Yurtsev,dyurtsev7j@aboutads.info,Female,105329
1734d987-7eb2-4bb3-8241-782961187392,Sabrina,Goreisr,sgoreisr7k@spotify.com,Female,92846
2a6d4155-e00c-4f90-8541-70f5e584b3b4,Corrianne,Kubin,ckubin7l@state.tx.us,Male,247064
bfae89b3-3fca-4c12-998b-421d0829e213,Nikola,Harryman,nharryman7m@moonfruit.com,Male,86830
2339af36-e019-4d15-aeaf-ecc445dfa659,Teirtza,Ridings,tridings7n@gov.uk,Male,99660
6118263b-657d-482e-9ba4-baff5ee1ff8a,Rodney,Castellino,rcastellino7o@about.me,Female,164657
1ec11ccf-5984-4840-bc0e-6a49f5d045ed,Jessee,Duffett,jduffett7p@cmu.edu,Genderfluid,199292
bf7b37fe-e41f-4e9e-9b93-eb2db57d7f79,Giulia,Willbraham,gwillbraham7q@phoca.cz,Female,184746
6f20e635-3fe1-484f-8335-27fb13d63ab1,Dory,Hovel,dhovel7r@fastcompany.com,Female,108261
800e63d4-b4ba-4cdb-8c01-de949a5bfc98,Martica,Tuhy,mtuhy7s@mediafire.com,Male,174912
4a27bad0-61e5-4f5e-8c45-007e5e6c4c4a,Latashia,Goude,lgoude7t@unblog.fr,Female,111943
655c89f6-ba06-4469-9e10-c9e106391968,Annecorinne,Ottawell,aottawell7u@state.gov,Female,128961
0df057ad-91a5-4027-b5a4-f1fb5bd2698b,Norbie,Wyndham,nwyndham7v@twitpic.com,Male,161101
ad663300-c93b-432d-a7ea-6b420925cb73,Justen,Breeds,jbreeds7w@dropbox.com,Male,174440
ac83c8bc-d685-4a27-85b6-a55d1685e89e,Virgilio,McFall,vmcfall7x@github.io,Female,176270
3fab187e-51fb-45a6-adb6-2f7d0c7de477,Rutter,LLelweln,rllelweln7y@weather.com,Male,213818
e13b74a0-63b3-47ba-be2d-b28317753869,Ursola,Polgreen,upolgreen7z@vistaprint.com,Female,199847
c44377de-f9af-43ef-b8cd-5f3a5613ce05,Bliss,Cordingley,bcordingley80@tamu.edu,Male,179029
27a89c85-3993-4d36-ba8b-5042e968f680,Bibby,Rougier,brougier81@vinaora.com,Non-binary,167072
91b8ff97-a7a9-4fef-a5cc-34343c1db499,Jennee,Borer,jborer82@answers.com,Male,154760
4e90ec57-47cc-4af9-8020-faa68a76786c,Fernando,Maguire,fmaguire83@uiuc.edu,Female,57579
6fed8cfd-8c41-40e6-a1a2-48f906b87933,Maribel,Caser,mcaser84@fc2.com,Female,135585
7b5e814a-f048-484c-8596-c4dbb3335ea3,Baxie,Melton,bmelton85@infoseek.co.jp,Female,125369
07a6ef33-a941-4f5f-aed9-ab2eed3f0e85,Merlina,Janacek,mjanacek86@hubpages.com,Male,92778
a3367ad5-3067-4efc-a326-315d9831fc4c,Gale,Gavaghan,ggavaghan87@nyu.edu,Female,241983
14e86f30-a5f9-4259-9c9c-7b3758c1c3d8,Mathian,Peat,mpeat88@livejournal.com,Male,158660
1b77281e-265b-49b8-a3e8-0828ad836ed0,Abbe,Hewes,ahewes89@bizjournals.com,Male,190364
d71b1a1e-5113-495f-8019-795369b56d74,Sancho,Noyes,snoyes8a@china.com.cn,Male,113958
8caf02bc-29bf-4b6d-a893-973e0be61367,Christoph,Grunson,cgrunson8b@ebay.co.uk,Male,51362
9bb51015-589b-4546-a952-ebd1f9036aff,Fran,Delacroux,fdelacroux8c@abc.net.au,Male,152493
d6d04346-7b18-42a6-9fbc-78871ef34578,Bruce,Klasing,bklasing8d@gov.uk,Female,141830
c14b033f-8fc6-4de3-ac5e-78e044fa6ece,Shaun,Izachik,sizachik8e@i2i.jp,Male,156426
86efebbc-cc42-43f8-98ee-11642bb6c87d,Shauna,Andrichuk,sandrichuk8f@ted.com,Female,217098
e434b7ce-911f-4545-8264-6c848b6622cd,Stephanie,Kneale,skneale8g@ycombinator.com,Bigender,214044
7271c7c7-86e5-4e5e-ae21-00c6dfb726cd,Tybi,Carlon,tcarlon8h@hugedomains.com,Female,192729
9287fe28-85c0-4d72-b337-13ef42ad6811,Meredith,Ohrt,mohrt8i@chronoengine.com,Female,206865
404989cf-ed4b-4ba7-aa58-96350db20838,Elijah,Poplee,epoplee8j@exblog.jp,Male,91892
ad7d6bbc-f3b6-4189-82d3-bca8d2444b32,Cy,MacAskie,cmacaskie8k@merriam-webster.com,Male,213000
234320c3-d430-4ede-a0dc-5cd96ab5956e,Jobi,Guerra,jguerra8l@example.com,Female,218273
0406fa08-df61-484a-bcb0-de33288abf70,Valida,Cleave,vcleave8m@harvard.edu,Bigender,150906
bbba7269-7411-455a-8114-5f9427413cb3,Claudia,Ferrieri,cferrieri8n@pagesperso-orange.fr,Male,199318
f1d527ef-3a6a-4f33-9c62-4a7ae0e344fc,Archer,Nottingam,anottingam8o@lycos.com,Polygender,105690
fa2df641-a264-46fd-9ee6-8ec7ff3b3fe4,Tessa,Bellchamber,tbellchamber8p@ameblo.jp,Female,94021
c9e929f4-461d-42bd-b993-51fb6277b705,Judye,Enderwick,jenderwick8q@tuttocitta.it,Female,229974
01615b4c-922d-407f-9126-cc0c378c3f82,Judye,Snel,jsnel8r@shutterfly.com,Female,
d11c7cf7-bac8-4b6f-9624-c6d7225d0d3a,Marcy,Ruperto,mruperto8s@wix.com,Female,160979
8092fd10-5b8e-4b2c-9f39-72baeb78530b,Reinold,McPeice,rmcpeice8t@storify.com,Male,214824
07926c52-14d4-4223-9ca9-72d85088ef8f,Baxy,Firebrace,bfirebrace8u@nydailynews.com,Female,155073
7095f993-e52f-432d-988a-4661d488b22e,Shawna,Grimes,sgrimes8v@tuttocitta.it,Female,
ed616e42-c5ed-4e50-97d9-e206af6b1b5f,Nikolaos,Abbison,nabbison8w@canalblog.com,Female,205928
b2af4348-cedf-4273-b293-4295eb0f1e3c,Nealon,Reedick,nreedick8x@wunderground.com,Male,56077
1d80850e-7566-446f-9c35-4aa5fde58373,Annetta,Seman,aseman8y@weather.com,Male,218890
99bfdc2f-30f7-4e0b-8ebe-cc91f09455f2,Gennie,Adnett,gadnett8z@arstechnica.com,Female,190138
79e6b716-e19c-4a51-a800-2ce015489b23,Free,Stanfield,fstanfield90@dailymail.co.uk,Male,67266
b5ab4ea4-8ee4-4665-8cf5-34e41dd51155,Clarisse,McReedy,cmcreedy91@wikimedia.org,,245954
09cfe606-cab0-48a5-a634-fec15611094b,Caritta,Shires,cshires92@sun.com,Male,174102
08659778-79be-4817-b4d7-5bff79d7a079,Blake,Worsnap,bworsnap93@seesaa.net,Polygender,210458
424c455d-e58f-4d30-8574-cb421b93aa24,Ham,Lightowlers,hlightowlers94@list-manage.com,Male,213152
0e9ce5e2-9943-4021-8391-6ed056c0b554,Katinka,Fearfull,kfearfull95@epa.gov,Female,211722
be5e459a-df4e-445f-9cbb-4b1117e85c13,Carolee,Wooderson,cwooderson96@army.mil,Female,
52325c26-2fcd-4b72-8066-fd45513aa51c,Dayle,Huncoot,dhuncoot97@privacy.gov.au,Male,133191
e25359cd-c84e-45ef-918f-3e2d1ffc709c,Lance,Benkhe,lbenkhe98@cpanel.net,Female,140078
a2aca074-f9f3-4a2f-be64-79b5c508c0f6,Mandie,Oliveras,moliveras99@biblegateway.com,Male,236268
a838e9d2-1cd2-465c-9945-92b241263109,Kelsey,Hartegan,khartegan9a@vinaora.com,Male,248167
e408e8ed-de67-4e6e-8311-a0a2355b5b86,Joya,Glassman,jglassman9b@taobao.com,Male,68643
721d2ca5-ca00-4eca-9791-54ab7efb4925,Kelsey,McIlharga,kmcilharga9c@reuters.com,Male,210105
aae19097-1c34-44bb-a743-c8f6ae85ab97,Petr,Boone,pboone9d@blinklist.com,Female,98645
028f525d-7332-40be-96d2-06fb3a598eae,Reinold,Chelnam,rchelnam9e@nifty.com,Male,203561
3e052436-f47b-431d-aad7-287e1f38d0d1,Pren,Bratch,pbratch9f@w3.org,Female,249484
ca375708-fced-45c1-a8ec-bd150a696f80,Christean,Skentelbery,cskentelbery9g@house.gov,Male,228510
833cdd4d-0c83-48e9-940f-9440d4da119e,Colly,Goodlip,cgoodlip9h@nature.com,Male,130082
414f48ac-7234-4fb2-ba79-5a0316c6aaa5,Vanda,Randell,vrandell9i@pagesperso-orange.fr,Male,243611
26e60f6e-d713-4543-9ac0-0b07d33776ff,Brenn,Bengtsson,bbengtsson9j@icio.us,Female,186352
cfdb8826-28fd-4322-8845-cccdb4db53f1,Josi,Kreutzer,jkreutzer9k@nationalgeographic.com,Female,72242
35af29f9-dcbf-4429-8e10-796df7db3536,Cate,Pinckney,cpinckney9l@thetimes.co.uk,Male,165296
16d72a77-01cf-4a0a-921b-fc2414e45e23,Darbie,Serjeantson,dserjeantson9m@de.vu,Male,85544
4dacfd87-fec7-4abd-9542-ac5436d9eaee,Dukie,Kinge,dkinge9n@spiegel.de,Female,64834
90576cf2-b1bf-4847-a74c-73f732529c0b,Oneida,Eyton,oeyton9o@about.com,Male,223203
fd25ea65-1c52-44f4-8815-508a272def6a,Evangeline,Hince,ehince9p@yelp.com,Female,118053
da73b9fd-0ae4-414b-bb7d-3c8d78c0655e,Adrianne,Mallon,amallon9q@people.com.cn,Female,69232
05fdd875-4b9d-47b9-bc96-45a1633cef76,Estele,Caplan,ecaplan9r@chronoengine.com,Female,63832
c119e3d9-b4cb-4574-9753-3785a3dfebb9,Cacilie,Dumbarton,cdumbarton9s@aboutads.info,Male,185456
a42cfa5e-b2cc-4845-8c93-67b5931979c2,Daniele,Avraam,davraam9t@springer.com,Bigender,164588
f6f95fdb-7800-44df-97a5-882f7f7e342f,Tracee,Mattacks,tmattacks9u@cyberchimps.com,Male,223038
8f660476-5135-400a-b0a9-8d3f5de03dee,Dewey,Powis,dpowis9v@last.fm,Male,143295
a140269b-e914-4354-a304-99c4b12eaf97,Jania,Statefield,jstatefield9w@epa.gov,Female,
6b05b3c4-54cf-48f0-8c09-81edc10f0279,Fonz,Ninotti,fninotti9x@paypal.com,Female,65761
9c85a3a3-dd31-4a90-88c2-5c644b3cbf1e,Nanci,Hardwicke,nhardwicke9y@gravatar.com,Female,125997
775664c4-160b-45b4-863d-e70691a38d73,Margaretha,Bauman,mbauman9z@toplist.cz,Male,232809
88a55bbc-6581-47cb-be04-8fc33be6d599,Ekaterina,Swaysland,eswayslanda0@howstuffworks.com,Female,225716
ac9a81d8-5141-40a0-92a8-66d099670131,Mandie,Kilmartin,mkilmartina1@istockphoto.com,Male,212331
0e94f2d5-95a9-4e2a-8877-b0cb2ac11868,Elmira,Corzor,ecorzora2@t.co,Female,105560
1113e481-e146-4113-a941-0b344f230d89,Nikki,McBrier,nmcbriera3@netscape.com,Male,175497
999f5fd2-6987-4cf2-89ae-206faeb4c201,Willabella,Withey,wwitheya4@delicious.com,Female,194683
f1823768-2164-4bf0-892b-23ad9be74e86,Nicolle,Dungey,ndungeya5@diigo.com,Male,
11b40d34-75d3-4b97-8e75-366c28b4619e,Iona,Scroggins,iscrogginsa6@fotki.com,Female,166887
30ea591e-e7ef-4cf6-9daa-795d5b116e06,Cchaddie,Keast,ckeasta7@oakley.com,Female,236359
6565d985-c14a-4dfb-b30f-1bad5efec213,Sig,Fealey,sfealeya8@dell.com,Male,216931
44010ccc-2cc7-47b5-b9ce-00253342ec2a,Alexa,Kohrs,akohrsa9@economist.com,Male,170757
96bd9d65-e869-4cad-989f-d857f5984ecf,Wolfy,Liepins,wliepinsaa@dot.gov,Bigender,232016
9ee5ccf3-fcae-4776-b7b9-75a3fa2dfa3b,Kippar,MacIntyre,kmacintyreab@hud.gov,Agender,188874
d78dfecd-6045-4f21-85fc-514d8b83ac14,Blithe,Darley,bdarleyac@parallels.com,Female,220630
ed6f2780-2e71-426d-9b9d-3773f4c64287,Napoleon,Stuchberry,nstuchberryad@dailymail.co.uk,Female,176444
4db7b9d1-01aa-4642-90b7-766eef0d2cb3,Luelle,Kubelka,lkubelkaae@ameblo.jp,Male,209573
b888ac5e-c482-4c8f-84e4-1e15b7f13e8b,Hewett,McCombe,hmccombeaf@alibaba.com,Male,93114
3159e7fb-2cd8-4e54-9044-aa3f985a2cdd,Ardra,Pancoast,apancoastag@ftc.gov,Male,171817
8662b578-3411-49c2-9544-d392188aab17,Hillie,Lerwill,hlerwillah@economist.com,Male,90560
68724aa0-d077-4cf3-b8f9-100d468f193d,Ansley,Nano,ananoai@statcounter.com,Male,247093
37eead5a-d03b-4e3e-9827-02e9276fd18c,Lory,Stuttard,lstuttardaj@bbc.co.uk,Female,53805
439c3cf5-d65e-4ec4-b5f7-b05bd2ed7078,Tammie,Lytell,tlytellak@boston.com,Female,95267
90090aaa-760f-4871-aeeb-8457ab09b91e,Elwyn,Degg,edeggal@tripod.com,Polygender,174187
cab3010a-bf8f-4a90-ab1f-db1d57a066d5,Letty,Creser,lcreseram@xing.com,Polygender,122280
30a6479e-6cd2-4d99-99dd-2b83f024d0a3,Annemarie,Abys,aabysan@addtoany.com,Male,121418
a742c672-86ea-46ac-b276-b0d110cd8618,Jillana,Golley,jgolleyao@ucsd.edu,Female,167799
eaafc5b3-ff73-4c48-99c2-e1c022d19277,Charla,Scoullar,cscoullarap@loc.gov,Male,101036
2fd3a450-e37f-41df-a274-a99a3c5c32f8,Dominique,Beament,dbeamentaq@apache.org,Male,76138
edc11b85-5ba2-4fcc-ab4e-9e47208efaa6,Cynthia,Hacquard,chacquardar@icq.com,Female,158617
ea7280bb-a7c9-4122-be9a-ca5d9b490e20,Schuyler,Lacy,slacyas@youtu.be,Female,98875
48f9d20c-59ff-416e-bec0-9cfa2bc4215a,Jemmie,Rivilis,jrivilisat@flavors.me,Male,246643
848e15ad-9512-4f53-a34d-e4fd078a8e26,Lynn,Janousek,ljanousekau@dailymotion.com,Agender,207332
22595731-80cf-431d-871c-52b18c6dfaad,Edyth,Foston,efostonav@hp.com,Female,244533
aaf32899-fb8a-4372-8699-76aa4f4109ce,Adair,Baynom,abaynomaw@bandcamp.com,Female,114297
77eba308-cfc9-4329-9d9a-e96154134019,Jewel,Stollen,jstollenax@360.cn,Genderqueer,109558
f6ca7a64-7737-4051-acfb-e2b55cefde57,Barrie,Sazio,bsazioay@businesswire.com,Female,243742
42846633-92cf-459e-a509-71efc88a25de,Florella,McClements,fmcclementsaz@last.fm,Female,192578
8bf279bf-9875-45c1-9943-2c9eb585002e,Liuka,Spellissy,lspellissyb0@devhub.com,Female,70172
85224f2b-6cf6-4a8d-9f2e-d12a0e95a468,Fowler,Devonald,fdevonaldb1@surveymonkey.com,Female,127739
ed29d220-8e02-43e1-85ce-1358cbcd6143,Bendicty,Brettor,bbrettorb2@thetimes.co.uk,Female,62990
b9339603-5060-4da3-a654-2bdcab2518f0,Anthony,Spragg,aspraggb3@linkedin.com,Male,89329
0dca119a-589b-4059-aa0e-7e54bed1629f,Alaine,Marritt,amarrittb4@geocities.com,Female,117277
aa33accd-7a33-4099-98b4-8ab446f3558b,Haley,Rivitt,hrivittb5@sun.com,Female,62922
38723ad8-4a16-4de3-bc2c-49622bb6c1f0,Loleta,Binnell,lbinnellb6@ft.com,Male,152683
f453f0eb-6338-4af6-8013-f7c5f7f1c8e4,Englebert,Tumayan,etumayanb7@marketwatch.com,Female,103607
9370d936-271b-4b68-86b9-a35ac85dd8a1,Gil,Doumerque,gdoumerqueb8@marketwatch.com,Female,81916
ade9461e-4786-488c-96bf-e7b4d9372118,Miguel,Pallis,mpallisb9@discovery.com,Female,142130
03d18930-1728-4641-8d45-712aeaf55249,Avivah,Wisson,awissonba@uol.com.br,Female,206335
99f733d7-3f69-4935-b1b7-513e812a0f2c,Kriste,Guthrum,kguthrumbb@ameblo.jp,Female,142150
cb0d39c7-cb2f-4e29-810b-3ae510d1ae37,Darleen,Wiggin,dwigginbc@tripadvisor.com,Female,56733
b6adcc9a-d767-443b-b567-98d3bb4de569,Lillian,Whitmarsh,lwhitmarshbd@csmonitor.com,,181603
d54fcff8-c061-4213-813c-b9fcc49a3961,Frayda,Boog,fboogbe@canalblog.com,Female,239672
324a43b2-0435-4e38-9eb9-4bd6cf50cb20,Modestine,Bordis,mbordisbf@va.gov,Male,169923
dd5f504b-d3a9-4edb-af22-bc517112a54f,Ansel,Glencross,aglencrossbg@gizmodo.com,Genderqueer,91367
50cf860d-0279-4366-9e6c-cb020a1730a8,Eimile,Bachman,ebachmanbh@netvibes.com,Female,203034
17acd357-0f83-4305-b4dd-c5b39432b4ec,Kincaid,Cristoforetti,kcristoforettibi@mtv.com,Male,178529
89438042-3305-484d-9fdb-2cd113d1c1f3,Lottie,Bassford,lbassfordbj@scientificamerican.com,Bigender,235125
ef101531-f1e3-413d-b5c6-25a08961c840,Curran,Rickets,cricketsbk@google.co.uk,Male,76686
4be4ad80-90cd-4aad-b297-4354b4d2e6e8,Anselm,Tyreman,atyremanbl@nasa.gov,Female,180836
7809e8cd-ada3-43a2-9130-cebb1d4e4c36,Leese,Fowlestone,lfowlestonebm@shinystat.com,Female,147140
b6ec8f62-9c1f-4635-ba29-08e72d3b4cad,Kissiah,Christofor,kchristoforbn@miitbeian.gov.cn,Male,99001
468fd19c-f869-40cc-aab5-f693192f086f,Cornelius,Koschke,ckoschkebo@vinaora.com,Male,188927
ffbacf6a-da33-495e-8570-e44fa1d981bd,Andrei,Maulkin,amaulkinbp@huffingtonpost.com,Male,187944
21ac773e-f743-4bed-a952-7a22fc5a9204,Chilton,Braham,cbrahambq@imgur.com,Male,68886
e954b27b-d685-4ae4-b843-3740267bc2e2,Roxi,Grabham,rgrabhambr@angelfire.com,Male,131523
8df6e8ed-bc02-4767-906e-a0f013e0d115,Yehudit,Saldler,ysaldlerbs@state.gov,Female,167810
84d44a60-ff4a-49db-b315-32d572eef221,Alvis,Sherlock,asherlockbt@free.fr,Male,92406
35c6e454-81f7-4fb2-9468-b1d45a88eaa7,See,Pudsall,spudsallbu@shop-pro.jp,Female,189425
34b1d7aa-6f05-41a5-adf7-0462e8355c14,Benoite,Cluley,bcluleybv@ezinearticles.com,Non-binary,65013
f79d8629-b8db-4d3e-aff9-ade70378eaf1,Nerti,Sisnett,nsisnettbw@va.gov,Male,219930
d4bd2ad0-df4e-4a9f-8c10-fd1f135661f0,Faydra,Connop,fconnopbx@amazon.co.jp,Female,198103
b48d252e-ca75-4118-9032-39cdad488dd9,Fax,Stubbes,fstubbesby@fc2.com,Male,59056
dd670592-d336-4b27-a59c-fb01924d35e2,Basile,Maccraw,bmaccrawbz@jimdo.com,Non-binary,249652
eda7a7be-a24c-4935-99c5-3d015ab0ca58,Candida,Isacq,cisacqc0@amazon.de,Male,178155
1246c54c-b4a0-4fff-9210-20ba3de9b073,Christen,O'Loughlin,coloughlinc1@meetup.com,Male,63736
35eed2ef-5754-4fdb-b652-2b676afa40d0,Cecilio,Karlolak,ckarlolakc2@dailymotion.com,Female,159292
6831eaf8-fd55-4c98-8d3f-c23e1a40cca3,Conant,Ullyatt,cullyattc3@nhs.uk,Female,132334
87c2bfe4-8bdd-43d3-9bc2-becf3945a567,Jodie,Le Fevre,jlefevrec4@is.gd,Male,194002
39ab67bf-8f80-4b41-a920-7435069d4d4d,Nady,Afield,nafieldc5@com.com,Male,166512
6b5548ba-3f6c-4367-9b74-b5ddc3f94521,Arney,Patrickson,apatricksonc6@washingtonpost.com,Bigender,167456
bbf00e1e-e105-4913-8d26-8d0eb0af1389,Onida,Clowton,oclowtonc7@e-recht24.de,Female,132410
07f65f42-5def-4612-8f9b-190821f00335,Claudianus,Tewnion,ctewnionc8@technorati.com,Female,52227
c94c7068-6c20-44fc-a10b-42475a1a8b4f,Renato,Petruska,rpetruskac9@oracle.com,Female,200261
3248a44b-1c3d-4f23-8f22-3f1e476b040e,Idalia,Delacoste,idelacosteca@bbc.co.uk,Male,232765
a3f32df0-161f-4728-af50-94daaa456de3,Ragnar,Gabbitas,rgabbitascb@nifty.com,Male,187914
e3409359-6211-4124-bcc7-2254f63d38ee,Coreen,Mattack,cmattackcc@360.cn,Agender,156029
ecfb331c-923a-4f27-939d-53beded7ae11,Peri,Serrels,pserrelscd@nyu.edu,Male,242073
8ecd83a1-481d-4728-b393-8f3de99607ba,Desirae,Annand,dannandce@privacy.gov.au,Female,244769
a9b6ec08-acd3-4c5d-aff5-11100897b5f1,Sheffield,Reed,sreedcf@exblog.jp,Male,249389
f46088dd-490c-4865-8c03-c8d321e92f2d,Lisa,Ruggier,lruggiercg@twitpic.com,Male,216419
2814ce25-8c71-441b-b071-265afc379838,Ned,Chevis,nchevisch@ovh.net,Male,64106
b922dd0d-c2b1-4e60-903d-3dfda52e3015,Linet,Fetterplace,lfetterplaceci@google.de,Female,128254
e756019d-a30a-4987-9481-db13ea943ab8,Mada,Folini,mfolinicj@wsj.com,Female,222221
56803d11-2bbf-4f05-add3-c687789d05a0,Bethanne,Phorsby,bphorsbyck@symantec.com,Male,129588
8d89528c-a286-4fc5-b72e-119504c7a6aa,Stefania,Spera,ssperacl@nih.gov,Female,145413
0effea92-892d-4859-9d6b-8bd0ae9a2194,Earl,Muggach,emuggachcm@tinypic.com,Male,
6b35135e-ea8e-41b3-8118-0f451db1c36b,Marcie,Wackly,mwacklycn@harvard.edu,Female,105074
cabe80ef-9e78-4171-8425-b6dffdb25c9e,Bebe,Vidyapin,bvidyapinco@hp.com,Female,58176
a39be18d-7534-4d65-8e4a-b23ab05abdb2,Giralda,Devoy,gdevoycp@furl.net,Female,93794
7750736b-2bc9-4150-99e5-ff342c08ac64,Arni,Jeffryes,ajeffryescq@seattletimes.com,Non-binary,85045
ce79c351-fb8c-4f23-a48e-c37e4a65e6c0,Emili,Garrett,egarrettcr@biglobe.ne.jp,Female,188428
e2cb2a67-316d-4afd-bccf-1a64b2f74d5f,Wylie,Moretto,wmorettocs@etsy.com,Bigender,63540
ef2543d0-862a-4c52-8da5-662d2b43bb88,Lauryn,Eckert,leckertct@unesco.org,,127274
b2a7e30c-061e-42e1-b728-cf00695433f0,Brandice,Mollett,bmollettcu@e-recht24.de,Male,111147
53063c2b-910b-48ad-b87e-3309700c3dd5,Rayshell,Boat,rboatcv@upenn.edu,Male,240753
9b927013-4bb9-4d43-931d-e36c10ef54ae,Hanson,Zack,hzackcw@time.com,Male,143526
944ed205-bb9b-40f6-a2ae-9b48aa3bae83,Orran,Bennallck,obennallckcx@t.co,Female,214186
f88dd621-4d25-44e5-82d3-a961b9897aa4,Yolanthe,Nesey,yneseycy@bloomberg.com,Female,175184
ad5b65e3-cf00-4638-bb17-042883d4ed07,Den,Slisby,dslisbycz@economist.com,Female,117308
f09a389e-30cc-468f-9925-448a0997735f,Angeline,Phear,apheard0@feedburner.com,Male,249867
fd4be136-62bb-48d5-b5f6-9e1abc9419f5,Marcille,Coushe,mcoushed1@myspace.com,Female,92083
123d71bf-b9dd-42cb-bba0-ca257320d317,Gorden,Troke,gtroked2@list-manage.com,Female,86009
217415db-da05-4063-abb6-4f0b42a5db4d,Dianna,Yitzhok,dyitzhokd3@lulu.com,Female,62847
40d1b39e-f8a0-439d-a193-94d688500ba1,Mark,Muriel,mmurield4@ustream.tv,Male,72150
0bdac805-6205-4743-b3f1-b323e52b813c,Phyllys,Denziloe,pdenziloed5@weather.com,Male,244714
fdd5e0f2-6536-4a51-b6d7-01abf64f1ca3,Rodrigo,Gauche,rgauched6@booking.com,Male,79896
064d0ee8-4a3f-4f6e-ad92-276600b52d86,Rasla,Perrone,rperroned7@csmonitor.com,Male,114050
9eeca9b0-0071-434e-bc7b-84e6c909d516,Borg,Santry,bsantryd8@state.tx.us,Male,50005
cda5abfd-be03-4a1e-b9cf-638ff0210ae5,Vera,Klaffs,vklaffsd9@state.gov,Female,186576
b45314cb-9fa8-45ba-8cb3-8cc713d0c476,Tommy,Gladding,tgladdingda@usa.gov,Female,237046
8cf2df42-f41f-4b79-a9ae-c0e0c53a111c,Midge,Guy,mguydb@patch.com,Bigender,90766
69eeb780-2c93-4944-8342-7f47ee0f6dd2,Guthrie,Praundl,gpraundldc@bravesites.com,Female,160508
2e77492e-c98f-4c3c-b9cb-37ac71300b08,Lara,Smidmoor,lsmidmoordd@yolasite.com,Female,245568
0daa9482-3ccc-4303-b759-a916cd52c469,Reece,Crusham,rcrushamde@seesaa.net,Agender,213383
14aa6ba5-cef2-4fe9-8c4e-ea8994d33f14,Madonna,M'cowis,mmcowisdf@meetup.com,Male,104672
244ec8ef-0513-40ea-a8d4-8de33ec763bf,Joann,Kiloh,jkilohdg@cdc.gov,Male,195505
d4449579-da42-4f86-8b9d-26c0e453fd4e,Peyton,Heare,phearedh@wisc.edu,Male,113485
17ee645d-8e2d-4fc7-90ef-c56f66364651,Perceval,Bertelet,pberteletdi@cyberchimps.com,Female,66000
f48711e3-4567-4cc1-93ed-2ef4af52039c,Demetra,Harsum,dharsumdj@buzzfeed.com,Female,207799
44a53538-f32e-4285-8bd8-c5be40adf02a,Westbrook,Louca,wloucadk@networkadvertising.org,Male,53088
39b6b2c0-ff9e-4a49-85d2-134510d9d4bb,Neddy,Castagnet,ncastagnetdl@t.co,Non-binary,89245
7ecbbc42-5a8a-41cb-a69f-a4ef5ffee771,Horst,Carayol,hcarayoldm@tripadvisor.com,Female,127457
50698a45-1b07-49b4-b1ea-6717ecc4cae5,Wait,Gatiss,wgatissdn@nba.com,Female,231655
ce31fd75-cd95-493e-9d3d-5dfcd9b2d157,Demeter,Robbings,drobbingsdo@diigo.com,Female,142385
968b71de-7ca8-4af4-a030-9a980a0e3628,Steven,Ackers,sackersdp@prweb.com,Female,
acd7f014-e52f-442b-a9ba-01df527a1877,Marlo,Wackley,mwackleydq@cnbc.com,Male,204429
e395a470-1167-440b-b188-368a78cd1f21,Roch,Cowthart,rcowthartdr@geocities.jp,Male,222728
d36be172-995c-4c3f-9a11-2e5afbc0e08f,Grady,Schaffler,gschafflerds@goo.gl,Genderfluid,206556
4b06c52b-059b-4425-8418-25c6f93ca4ac,Gloriana,Frain,gfraindt@moonfruit.com,Female,
5505d7a1-b812-48a8-bcf5-0ee8681de8e8,Leah,Baradel,lbaradeldu@webeden.co.uk,Male,86863
e4363ec0-2c58-416e-8c60-e4106fbcc076,Emelina,Crowne,ecrownedv@uiuc.edu,Male,64639
b7d920c1-320d-45cc-8140-fe541fc6470e,Fonsie,Humbie,fhumbiedw@japanpost.jp,Male,195866
b5613093-5779-4e35-8b9d-b60d005f618f,Laurene,McKerron,lmckerrondx@indiatimes.com,,148950
0694b6c8-b68f-409f-8c02-2d054101fa6d,Corny,Roakes,croakesdy@google.ru,Male,207957
ff40cd17-c02f-463e-8c86-dde4d44eda17,Daile,Seilmann,dseilmanndz@networksolutions.com,Male,98458
674db770-ee70-4baa-a9a1-7fb904f9c34e,Garrik,McCombe,gmccombee0@weibo.com,Male,169736
7320b559-4024-446d-a457-6a21a1595a09,Drud,Duffree,dduffreee1@ft.com,Male,77571
f6a38e21-18e0-4c52-be35-e7b9a43097ed,Toma,Staton,tstatone2@tmall.com,Male,200052
c2ed9e39-8bca-497e-880a-4e537a246822,Bruce,Cottem,bcotteme3@disqus.com,Male,244745
a48805bd-385e-4e5d-b183-07773c574daa,Kilian,Korf,kkorfe4@privacy.gov.au,Male,246777
6cc8b868-192e-4791-a750-fefad226d8ac,Betta,Paulot,bpaulote5@g.co,Male,222398
50284766-8637-4931-9538-dba39c648441,Pepita,Carncross,pcarncrosse6@issuu.com,Non-binary,207673
f2d8fff3-00d9-4222-b992-e60aa476f9e1,Mayne,Aiskrigg,maiskrigge7@salon.com,Male,130259
40728e8e-e466-488e-b3e6-6ef8fc77f5b6,Cathy,Pray,cpraye8@163.com,Male,247705
bcbed23f-909f-4042-9310-c867a36040ea,Roch,Iacivelli,riacivellie9@mlb.com,Male,
1a079b83-bab3-4292-8621-d06a609d409e,Ardelia,Ellif,aellifea@people.com.cn,Male,105978
4dc66e7b-f6ea-4044-9b68-e23520c7485e,Lesli,Ortes,lorteseb@examiner.com,Male,214625
c58179d9-0969-4cbd-8481-77cc64fbeb85,Laverna,Dowglass,ldowglassec@canalblog.com,Male,212092
ea041d7e-8fed-41fc-a26e-b8fd6094ec97,Borden,Duckhouse,bduckhouseed@msn.com,Female,236435
bf3e70cc-c120-468a-b9e9-b3e0e186bee1,Hubey,Grutchfield,hgrutchfieldee@dell.com,Female,101810
86d8e449-5e46-4760-a8c5-cf06ce7b65aa,Damien,Sebastian,dsebastianef@pcworld.com,Female,50469
403a2bb3-8993-43ec-9342-38e7c4d0ab3b,Kristo,Fumagall,kfumagalleg@issuu.com,Female,161085
c1f21724-4735-4b1e-99af-5ca1ed440996,Monika,Coggen,mcoggeneh@nih.gov,Male,166956
6a181992-0314-455a-aad3-da009c7a9dd9,Eula,Penney,epenneyei@bing.com,Male,124558
c9a8f378-8584-4cb8-8a37-e522a4fb1642,Emmet,Lidgely,elidgelyej@seesaa.net,Male,149124
65fff0eb-b81a-4ee7-ad8c-b24341febf01,Gustav,Liddall,gliddallek@huffingtonpost.com,Agender,146117
34b43ca5-e310-440f-ae3b-5263cb2e94dc,Tadeas,Davidi,tdavidiel@cargocollective.com,Female,219619
fd4ab7f8-dd18-4fa1-97db-c59c8fdbf903,Trixi,Fargher,tfargherem@mayoclinic.com,Female,174213
1b969102-b310-44e9-80f6-c4e752720301,Lindsay,Cockshoot,lcockshooten@alexa.com,Non-binary,
01328273-643d-43d5-b28f-6db709bea201,Niall,Ravenshaw,nravenshaweo@gnu.org,Male,95013
fdac790c-beaa-4b3e-9ed1-71c29c0187ba,Shandra,Spiteri,sspiteriep@technorati.com,Male,93295
c49c4c76-042c-4b68-ac9c-b0083b72e59d,Vinny,Sibbit,vsibbiteq@ucoz.com,Male,102151
c77d72b6-ad57-4955-b054-cabfc3a20ee8,Kennith,Peal,kpealer@shinystat.com,Female,102756
806291ac-baf6-4dcd-9184-6cb6f853523c,Willow,Kingsbury,wkingsburyes@statcounter.com,Male,
d8cf00c6-962a-4ff7-a75f-f9842ea7deb9,Marie-ann,Trorey,mtroreyet@furl.net,Male,72917
132bc164-6598-4f9e-b516-2140a12d684a,Didi,Cornewall,dcornewalleu@chronoengine.com,Female,104521
69513032-a7a1-48b5-b807-8dfd9233461a,Gray,Douche,gdoucheev@ucsd.edu,Female,222502
8e8f101b-e02a-43fb-90a4-fed2288f3f79,Andonis,Gorusso,agorussoew@blogger.com,Male,227980
791a7d13-9540-4a92-8e03-8d3d26ec85cf,Kelly,Warcop,kwarcopex@networkadvertising.org,Female,187747
d85ab3c6-433d-4fc4-85fd-f7a63c828da8,Alvan,Tolson,atolsoney@last.fm,Female,239610
79dcfdfb-e0ee-4b74-b61a-69aa7848ff6a,Erwin,Kerwick,ekerwickez@about.com,Female,135410
d1e2475f-f82a-4b21-b78e-936fca5b498d,Dewain,Fenge,dfengef0@weibo.com,Male,111390
21758c3b-a71c-4525-b9aa-ab50bfe3751f,Hallie,Owens,howensf1@boston.com,Female,249919
17f01d0d-fe22-4017-b9f8-cad92c28d77c,Jerri,Standrin,jstandrinf2@mediafire.com,Male,79840
00e9d6c6-a875-4a5f-a69e-bdc2e01e6e8e,Ravi,Dybell,rdybellf3@hugedomains.com,Female,70231
162fcfe1-23cf-4c10-8cc2-66dd531fa3f4,Edna,Sheldrick,esheldrickf4@webeden.co.uk,Female,163135
beb73841-3c21-4a9a-9c07-cd1dffab38eb,Conant,Trendle,ctrendlef5@unesco.org,Male,115290
7c3853e5-fe44-41ff-86df-3de571055903,Averil,Pashe,apashef6@wikipedia.org,Female,161916
fd5ae2b7-0414-4761-b138-d50cf83cdb20,Petunia,Ennor,pennorf7@webnode.com,Female,89480
ee1238a0-7d63-4d25-9edd-cd172fb8117a,Beltran,Guiel,bguielf8@meetup.com,Male,235514
79422226-71cb-45a4-a4b6-50044f2a0a74,Conney,Jailler,cjaillerf9@unblog.fr,Genderfluid,193012
5f747d6f-93a7-465e-b2cf-fa06c589bc02,Brittani,Frain,bfrainfa@quantcast.com,Female,189365
79bf7ba6-f6bd-4e5a-b1ff-0c9738056a04,Felix,de la Valette Parisot,fdelavaletteparisotfb@nature.com,Male,125160
e0d4bde7-09f4-4450-ba92-0836d9ab6137,Mellisa,Iacomelli,miacomellifc@51.la,Female,96188
efe9d244-3db1-4790-8b25-49dd7dd76d80,Brynne,Rudiger,brudigerfd@ask.com,Female,78314
da499b42-1e3c-4808-b65c-eab1897c6bc1,Phebe,Mix,pmixfe@t-online.de,Female,243353
adf951b0-5360-431e-8c5b-8d9bae7168a5,Hilly,Villa,hvillaff@gov.uk,Male,232758
7b8746ab-c095-4d7b-b18c-0f1ba129e279,Christabella,Ferrucci,cferruccifg@nymag.com,Female,140321
5ef0be38-1a36-46a8-91d9-1c9502900543,Petr,Gregs,pgregsfh@dion.ne.jp,Male,
7aa26209-158c-4153-95ec-316ce8d2dac1,Garrik,Manon,gmanonfi@wordpress.com,Male,236227
a95a6ea3-0e09-4c9b-b8ec-40ddfe7079fe,Gabrielle,Stanley,gstanleyfj@privacy.gov.au,Male,
b3cbe544-67d4-4590-ab34-3b5e29491d19,Sig,McNeigh,smcneighfk@ehow.com,Male,60228
229e687a-2e5a-430f-9d59-e9b9b84262ef,Kin,Weerdenburg,kweerdenburgfl@alibaba.com,Male,93430
5f33d2f8-e9f1-4540-bf32-97e91fa3af67,Rachel,Pechacek,rpechacekfm@ameblo.jp,Male,241123
d693af2c-4960-40cd-bddf-43b7e2d86d4e,Tynan,Lukasik,tlukasikfn@merriam-webster.com,Female,215166
b4e21e0e-7395-4065-a1b4-ff36b3edae77,Fin,Cruikshank,fcruikshankfo@addtoany.com,Female,170151
107f0f92-6ea8-4818-8b5f-a5a40d393560,Wernher,Easton,weastonfp@simplemachines.org,Male,158152
fc7ead05-db13-4e1e-b324-d35f38d19cee,Dru,Weadick,dweadickfq@lulu.com,Male,117372
33e7510a-8d49-49fe-a6eb-125af0599202,Ardine,Klagge,aklaggefr@europa.eu,Female,233722
8bb83dbe-6934-4103-a1b7-63a36ffe61ba,Giulia,Gascoine,ggascoinefs@plala.or.jp,Bigender,218052
e7dde0a2-0e23-4c15-bd47-795f1ff1be1c,Conn,Joincey,cjoinceyft@army.mil,Female,119339
5e4cc12a-f622-4bd5-88f0-3728576d25e8,Vance,Lassetter,vlassetterfu@ameblo.jp,Female,122773
998693d3-0e52-4d80-bbf9-df00ddb68dcd,Cyrus,Rodolfi,crodolfifv@simplemachines.org,Female,139419
ba5f9814-e43e-4369-a266-a54c1fa8d846,Malena,Di Batista,mdibatistafw@github.io,Female,117466
f5c92bb3-40f9-46ae-ac53-e9a693cca56d,Carolyne,Zorzini,czorzinifx@hud.gov,Male,151646
94e3a2b9-cf8a-4f65-9d2e-238e438ab3ea,Nickola,Avraam,navraamfy@marriott.com,Male,179784
3cbc55da-6194-400b-875b-a054fb641fde,Danie,Deely,ddeelyfz@amazon.com,Male,223434
cc534aad-be79-4a07-a4c0-f38fa7ea4dba,Aube,Darnody,adarnodyg0@forbes.com,Agender,225103
fd99cd07-b1b2-4eaf-acfb-ebb7918a4886,Adelaide,Zavattero,azavatterog1@unicef.org,Male,110851
e7c813ba-c943-4f86-9d87-1c6014cb92b3,Almire,Pallin,apalling2@deliciousdays.com,Female,
9fff9e2c-b270-4b1b-b130-083c3b61b67a,Jourdain,Scandred,jscandredg3@devhub.com,Female,64906
acf2b4cb-c75f-490f-a737-693c74c9149a,Kessia,Plank,kplankg4@msu.edu,Female,
baa1a55f-60b0-4817-9fd4-5976c9189465,Vonni,Abel,vabelg5@addthis.com,Female,184592
b1dfec4d-b741-4811-8e02-9f799a355cf8,Katti,Samson,ksamsong6@bravesites.com,Female,241883
dcdcb07a-59b2-4f76-b601-87514769870e,Alfy,Van Baaren,avanbaareng7@seattletimes.com,Male,199760
49c0048e-eb73-4255-9da9-43ace1868d82,Brenn,Cressor,bcressorg8@reference.com,Male,97770
a67ed90d-b7e1-407e-aaee-589f06fbf526,Adrea,Huddle,ahuddleg9@hostgator.com,Male,67019
4761e590-c427-4254-9d8c-8ab97789f0bb,Diandra,Hannond,dhannondga@gov.uk,Male,192415
eefa8c4b-e51b-4f9f-b54a-8eb41320bc9a,Bessie,Runacres,brunacresgb@icq.com,Female,60725
ffd44f9d-7282-4cf8-bf55-fbbbf85af56e,Kele,Westrip,kwestripgc@mapquest.com,Female,71656
890031be-e25a-4d48-93c3-63c64ceafe3e,Torre,Simonot,tsimonotgd@list-manage.com,Polygender,78766
e5623640-bf25-43fc-836a-c6834fc3a5e5,Reinaldo,Brittin,rbrittinge@cbsnews.com,Female,208802
ffd974cb-897d-4b33-833e-e030810eaa94,Aili,Kelsell,akelsellgf@123-reg.co.uk,Female,195296
288a1fbb-c6ef-45f7-845c-b74b547edaca,Joy,Elwill,jelwillgg@howstuffworks.com,Male,83016
4d9b9e43-91a3-4977-9415-92d226383897,Giulia,Parish,gparishgh@statcounter.com,Female,89764
80bd97bb-2592-40e4-a761-d1724fd8a86e,Lynna,Picton,lpictongi@fc2.com,Female,106260
fec06298-3891-495e-aa69-801dd81d3acd,Jasmina,Jopke,jjopkegj@baidu.com,Male,
d0ea82e6-359c-4070-b70f-ee4813d55797,Billie,Ziemen,bziemengk@51.la,Non-binary,68901
0eb01098-7208-4981-8d91-6df95189ca5f,Dinah,Alcalde,dalcaldegl@fc2.com,Female,97680
a3464d8b-8343-4e58-ba80-36513da04857,Elle,Solomonides,esolomonidesgm@sakura.ne.jp,Male,170002
a78720eb-eb9f-4647-b4cf-fd722d3546bd,Martyn,Huc,mhucgn@networkadvertising.org,Female,156064
47b72216-71ef-46f1-997c-b1c7afaf182e,Josy,Freddi,jfreddigo@hugedomains.com,Female,
0a956099-cae2-495b-9c62-e93930f213ed,Ludvig,Loxdale,lloxdalegp@t.co,Female,163622
2ffadd8f-766b-4455-8f44-fccd458d2442,Malena,Brierly,mbrierlygq@a8.net,Female,55291
e09d61aa-1808-4e00-9bc8-faa6d0d904c6,Cristiano,Garrett,cgarrettgr@mysql.com,Female,88717
796b5ddf-ca74-41c6-8bb8-96272f27a81a,Kary,Hurleston,khurlestongs@nasa.gov,Male,133370
9dbcab0c-8b98-42c1-85aa-597f2a4781fb,Kyrstin,Rigolle,krigollegt@multiply.com,Polygender,104254
fa23d504-43e8-450f-8826-b0a37c18a1df,Mina,Ives,mivesgu@businesswire.com,Female,211786
928fc125-e992-445c-9e81-791865447a93,Dion,Sperling,dsperlinggv@ca.gov,Male,175716
e3c709d7-9a83-4527-9821-8e6cfa3a98a1,Linda,Abbott,labbottgw@ucoz.ru,Male,122359
78ff4628-26e9-4cbb-ab42-023c93d7e613,Justina,Labbez,jlabbezgx@salon.com,Female,
207fb198-f0e5-407f-9afd-21106c97bffe,Nevins,Oldroyde,noldroydegy@surveymonkey.com,Male,95620
add8a210-55ae-43bd-84f6-f66e7cdfd090,Waylan,Fairbrass,wfairbrassgz@cocolog-nifty.com,Female,191346
be85d796-3baa-4d1e-b0e1-11701ff4570a,Ajay,Tittershill,atittershillh0@sakura.ne.jp,Male,229176
0c8477dd-676b-49fc-bd87-c0a2fa0e3f96,Ninon,Doctor,ndoctorh1@cnet.com,Female,153857
cfb5412d-44f7-4a58-b00c-022351538693,Nickolaus,Guiton,nguitonh2@marriott.com,Female,225617
81557b47-5ce6-4808-8b39-877fd5fe459f,Torre,Yakhin,tyakhinh3@google.com.au,Male,168877
3402b57d-6862-4c62-a6f9-cc71f6a1a67d,Jolene,Stockman,jstockmanh4@bbc.co.uk,Male,95354
9176d2e8-1fb2-4aa5-8782-457bd250ff1b,Coralyn,Dulin,cdulinh5@mlb.com,,214691
3d5f8df0-7c32-4d0b-9ee0-cfa1e6e95a61,Dannie,Lardeux,dlardeuxh6@instagram.com,Female,59561
09cbc880-0f07-4b04-8495-3602faf0752b,Tyson,Bart,tbarth7@fema.gov,Female,245438
7c8c93c3-530a-4c8e-b5c1-fdb1d0ebc13b,Lynne,Reichert,lreicherth8@gnu.org,Male,164251
1d8171b8-222f-4a2b-99d1-fa58e68a30d0,Marven,Dumphries,mdumphriesh9@accuweather.com,Female,224979
393adbf0-ff1b-4898-b8ed-bfb3b5373bfc,Nanete,Chopy,nchopyha@naver.com,Female,202981
8df6fd11-584c-4aa8-9cef-a307ce20f340,Germain,Gatward,ggatwardhb@mac.com,Female,193319
bef291f8-e4f4-4411-9128-f4e122926e15,Abby,Sleeman,asleemanhc@time.com,Female,70131
601f44d2-3aec-4c86-9e82-a19036d16e29,Dori,Rattry,drattryhd@ucoz.com,Female,159572
2e70bfb7-b391-4527-8e8c-2a8f656c2197,Ingeberg,Taverner,itavernerhe@oakley.com,Female,82309
470f9cea-b974-4525-8957-e3c3bbcd58e5,Alvy,Zellner,azellnerhf@rakuten.co.jp,Male,227327
09b4b2a8-4e19-4f85-98ef-dbab3be6a51e,Dewitt,Chasen,dchasenhg@adobe.com,Male,59027
cfb814ac-e2cb-4922-a6a5-577ef1d298cb,Athena,Bawles,abawleshh@yelp.com,Male,103529
f0dbcc9c-bbad-46ab-a1cf-8e8c3d496dbf,Alejandra,Langthorne,alangthornehi@sogou.com,Female,179292
13ea999a-874d-42cd-a7ba-0c175a32402f,Angy,Augie,aaugiehj@ocn.ne.jp,Female,248654
db56a733-7f51-49f0-b0be-c93c508fb93c,Rochella,Elgar,relgarhk@cloudflare.com,Female,193294
285a07a1-4a84-4637-931a-85409b93e33c,Ardene,Warnock,awarnockhl@economist.com,Female,99360
c110a198-dfa5-4587-b959-d1eea61f3f2f,Jammie,Alexandrescu,jalexandrescuhm@tumblr.com,Female,180461
a10fc785-9850-4589-bffb-f71af5ae4a29,Ivan,McEvay,imcevayhn@livejournal.com,Female,101741
a7a68d6d-69fb-4bfd-a977-801ae9f55184,Jeanne,Dent,jdentho@gizmodo.com,Male,56427
6ac3706c-3cd2-4e1c-964d-dac174ec3f80,Nappy,Grime,ngrimehp@trellian.com,Female,190341
c7495b58-f203-40da-8296-d1bdc81f1458,Eda,Wrates,ewrateshq@harvard.edu,Female,168777
8dee77e6-244a-4cc9-87aa-eb7b8b3e7bc3,Korney,Hilliam,khilliamhr@mozilla.com,Female,203414
8bc8ea20-0f81-482f-871c-99eb146ca031,Wake,Goodge,wgoodgehs@hhs.gov,Female,234810
776030fb-68ce-4bc1-b856-748bb9e54251,Florenza,Dowsett,fdowsettht@list-manage.com,Male,210863
fe52a701-d48a-43ca-99c5-d77bb4a113d8,Neala,Magnus,nmagnushu@so-net.ne.jp,Female,171081
b3522177-fe89-4a79-9cef-83ab863851a4,Marlow,Mountford,mmountfordhv@histats.com,Female,123534
2b46fb45-ef2f-49e1-9faa-374f48aa00e5,Elke,Tamas,etamashw@comcast.net,Agender,187934
00e67e0f-1cb1-46cc-acc1-6f41a7865a40,Basile,Rankine,brankinehx@indiatimes.com,Female,83221
adf6be44-8407-4c2b-b975-88fa4bf7ac2b,Charline,Schoenrock,cschoenrockhy@smh.com.au,Male,97550
18f82085-035e-4e78-bae1-0227bdff0f00,Nelia,McCarlie,nmccarliehz@biglobe.ne.jp,Polygender,162963
864402ec-f82d-492a-ae10-9b49dd320858,Cami,Clubley,cclubleyi0@nsw.gov.au,Female,51142
e2c03da4-1c6d-4658-b064-11b6d5949bf3,Jerrilyn,Girardini,jgirardinii1@jiathis.com,Female,104458
48ad5cb7-232f-440b-b5a7-d3db0a86c327,Davina,Queree,dquereei2@fema.gov,Female,83338
51ab3464-6a3a-43b8-99e1-18913383bb84,Cynthea,Croizier,ccroizieri3@theglobeandmail.com,Female,246433
fdbeb1eb-0341-4f25-98fe-6a38be1bd86f,Kania,Mallabon,kmallaboni4@diigo.com,Non-binary,85107
5d83b4ec-62dd-4780-b22a-6f914c304b83,Christi,Beautyman,cbeautymani5@rediff.com,Female,110088
03edbe79-dc1f-4d0e-8a26-2bd84992dfe0,Glenine,Da Costa,gdacostai6@bing.com,Female,90797
4e028dab-5d59-49d7-b0c7-fc18e96a69b0,Jo,Aucock,jaucocki7@deliciousdays.com,Male,106164
b371e651-41a2-4e94-bb69-00f62ab57917,Andras,Cumpton,acumptoni8@bloomberg.com,Female,172210
b8029a72-675d-45d5-8041-647e16060be9,Alvie,Sorrel,asorreli9@edublogs.org,Male,166107
9bd23500-1933-4c58-acc2-70fe2045da05,Danice,Balcock,dbalcockia@marketwatch.com,Female,
ab5d631d-573d-4b76-a2cf-90da002e7bfd,Asher,Bellson,abellsonib@bloglovin.com,Male,156504
b6b4c7a1-d257-40e3-b6d8-6eff5e747851,Karrie,Howton,khowtonic@alibaba.com,Male,
ee9e75e6-338d-4033-b2cf-3f1d3c072eba,Norby,Idell,nidellid@xinhuanet.com,Non-binary,56505
60f0735f-8c15-438f-b265-32f5435e26f7,Mela,Basnall,mbasnallie@dropbox.com,Male,145142
148d0388-cbdb-44ee-9c03-d64f68eb2a2a,Ethelin,Duck,educkif@feedburner.com,Male,158992
ab101495-deae-4d00-8490-902e9d273d79,Carmine,Jerosch,cjeroschig@mozilla.com,Male,147225
1d1f23db-46b7-4fc4-bf09-1d6685d77531,Jerrold,Chevers,jcheversih@fda.gov,Female,56751
b5c72556-08f3-46c5-8edd-c334ef26135b,Wake,Le Grice,wlegriceii@simplemachines.org,Male,128256
a3c329af-0b4c-4479-ad32-b8199e082f62,Ebonee,Trevallion,etrevallionij@ask.com,Male,238923
f17c10ed-55cb-4e3b-895c-4ea98fd26046,Teresita,Shier,tshierik@ucsd.edu,Female,97261
da3807a1-3137-4197-ae22-9ad897830b74,Marcelline,Tighe,mtigheil@newyorker.com,Female,61712
941c1627-ef0c-4b24-b116-fc9e099da032,Gerianna,Ransome,gransomeim@businessinsider.com,Female,145837
d81d687c-723e-4ed3-84dc-b0c7e33b971e,Elane,Warsap,ewarsapin@soup.io,Male,180603
e1853af3-7e2b-4139-8942-756c3ad0fe80,Joachim,Gobolos,jgobolosio@examiner.com,Female,90651
dfc1eb93-697f-4acc-8e83-d45bb2bb22a3,Chadwick,Parysiak,cparysiakip@networksolutions.com,Female,165127
b90b09d8-3581-446f-b8cb-be46172c451e,Ainslee,Bartlomieczak,abartlomieczakiq@techcrunch.com,Male,134443
b505aa17-2b91-42d4-9dcb-0ee969d7326e,Brigg,Kurten,bkurtenir@businesswire.com,Male,119296
fc7a342f-97f6-4b75-945b-c82a17d36958,Costanza,Christoforou,cchristoforouis@over-blog.com,Female,
52966b3b-6881-4ba2-bba0-83e7bfad89cc,Bruno,Siggins,bsigginsit@nyu.edu,Female,87867
f959bebc-c7b7-4650-aceb-6ceb59fd61c8,Tan,Proswell,tproswelliu@deviantart.com,Female,243969
c47a7e83-1f1d-4d73-bb97-2d633870689e,Melodee,Perrone,mperroneiv@cpanel.net,Female,52192
53bf57f7-0df9-4d59-a5a9-96019c65e95a,Ninnette,Dutson,ndutsoniw@csmonitor.com,Male,93703
fef80b8b-f8c6-4df6-9d62-74ffe4353892,Hartwell,Seaborne,hseaborneix@webnode.com,Female,115927
aa5cd0d0-7ba6-4d79-aa36-70d8df4feb9f,Karie,Oulner,koulneriy@bing.com,Male,147756
071392f4-3242-47f7-9799-3aa779f35406,Reinwald,Yesipov,ryesipoviz@bing.com,Polygender,68377
7c8946bd-618a-4fbf-af10-af8a7dc8110a,Paulina,Thelwll,pthelwllj0@flavors.me,Male,228414
3b10ea7b-8cc2-4294-8bae-29e07d055679,Antonella,McPhelimy,amcphelimyj1@twitter.com,Male,141909
a64f6f47-7d86-4e86-a17e-dab0518984c5,Ulrick,Boggish,uboggishj2@printfriendly.com,Female,104862
d317714e-3cd7-459a-85ef-0618d5e3b6ca,Griswold,Maw,gmawj3@amazon.co.uk,Male,69158
2a397f92-805c-44a7-ab1d-1384db901dd6,Loreen,Renton,lrentonj4@bbb.org,Male,179302
89692ddb-aaec-428a-b35f-bb2a15a1b917,Andreas,Phillot,aphillotj5@cnet.com,Female,106586
8aff6442-6550-4aab-9e70-6e83263d67db,Vick,Northedge,vnorthedgej6@shareasale.com,Male,114259
a3109d80-b1c4-4e93-a299-5ea72fa67b33,Averil,Dodgshun,adodgshunj7@salon.com,Female,143253
9eee56a9-ccb1-4462-b349-a8283a080e71,Vanya,Linde,vlindej8@angelfire.com,Male,88020
e4b2cad3-f358-4a1f-a31d-a11d89b8d7bc,Amelita,Addicote,aaddicotej9@wufoo.com,Female,227195
09228f9a-5ee8-492c-b941-6fc1dcf80f75,Tasha,Murrow,tmurrowja@dagondesign.com,Female,228632
78294acf-014d-43dc-9595-38e3efd59960,Ignacio,Blatcher,iblatcherjb@goo.ne.jp,Male,227020
ad56bd68-5533-45e9-86b9-227233624f3a,Nestor,Goldman,ngoldmanjc@surveymonkey.com,Male,94097
de5d4ff7-ce80-4c9b-8dd3-1c630d5c21cb,Constantina,Klassman,cklassmanjd@example.com,Female,155036
4e2d8262-2ca8-49f5-a730-5a9d997c2b63,Dyane,Wanless,dwanlessje@sphinn.com,Non-binary,192187
7170ae05-e82e-45e2-9b9f-309856ce121d,Addie,Sprake,asprakejf@i2i.jp,Female,173691
ce2ef67e-65df-488c-afc2-63b5e8b06cad,Sterne,Flather,sflatherjg@ucoz.com,Female,120795
829b0598-2e6b-4e36-813e-8b4ad528aa22,Bettine,Gosker,bgoskerjh@adobe.com,Female,239516
64f690b7-a171-4d1f-9997-9b57d7a9121e,Paxton,Aymeric,paymericji@senate.gov,Female,205050
2f336e5f-3533-4967-b643-77688192cc90,Koo,Callery,kcalleryjj@hubpages.com,Female,75025
7429408c-1c97-4e4d-8c8d-a5109b2a2bc3,Ailene,Feavearyear,afeavearyearjk@cbsnews.com,Female,207015
382f2564-e2fc-4798-9a18-4e872cfc3252,Beniamino,Gelsthorpe,bgelsthorpejl@privacy.gov.au,Male,82521
2616ad56-ea8a-4e3e-b143-07bab6600a0b,Paulette,Bloy,pbloyjm@mail.ru,Female,51734
ef091d61-bbc4-4006-9525-374a898c3f7e,Goddard,Raitt,graittjn@vistaprint.com,Agender,218726
7a2ac32b-148c-43b7-a7e8-801b4e4b93b1,Crawford,Sehorsch,csehorschjo@yahoo.com,Male,74271
8a848dca-6361-467d-8558-2e3b0005dd73,Alvy,Nelsey,anelseyjp@yellowbook.com,Female,210023
12cd0712-e3bc-4769-832e-6df1009efca4,Jenna,Beels,jbeelsjq@netlog.com,Male,198303
61ed42e7-c323-407e-9936-aef9dadbb5b7,Larry,Raycroft,lraycroftjr@google.de,Female,178038
87c8e3a7-05dc-4f77-b46f-738d4cec9506,Douglass,Panichelli,dpanichellijs@wikipedia.org,Female,206779
1e6f2d93-1e1a-4d31-adb8-098c12f44b68,Rozella,Faithfull,rfaithfulljt@bloomberg.com,Female,183020
8cb2ad1a-f571-49f3-a28b-221397c3c3d7,Lana,Allsworth,lallsworthju@shinystat.com,Female,56234
0f51ddcb-0087-4ea3-a5dc-18b634810cfb,Sammie,Parradine,sparradinejv@google.es,Female,238129
b190f448-6a5a-42ac-bfc6-6f43fdc65f98,Megen,Courteney,mcourteneyjw@upenn.edu,Female,129379
bbe87815-5c47-4330-8e96-8d325129c107,Jayme,Settle,jsettlejx@dagondesign.com,Male,111020
eb46cdbd-461d-49a4-bf2a-15923923828d,Casey,Halston,chalstonjy@symantec.com,Bigender,54543
642547f3-7c0c-4f1d-bc60-8bb52263b215,Winny,Boshard,wboshardjz@woothemes.com,Female,131513
7f7395e6-648d-4a47-be4e-aa816ca10300,Alika,McAneny,amcanenyk0@flickr.com,Female,156584
9b606fe5-3216-4cc0-b864-704df35314fd,Maurits,Clemanceau,mclemanceauk1@last.fm,Female,211019
03d1a17c-35ca-42bf-9c4f-2a6fe26af244,Gan,Matei,gmateik2@1und1.de,Female,156668
5ba36a29-9f52-4970-a6ac-c9fef23578f1,Derk,Pendell,dpendellk3@cnet.com,Female,187385
328f09cb-cdf9-466d-a2b8-99759a0b77d2,Betsy,Dullard,bdullardk4@techcrunch.com,,87642
aeb672b2-576d-45e5-b8a5-c7269c6cdaeb,Ardith,Polden,apoldenk5@economist.com,Male,205239
c335b497-eb35-40e7-a9da-874a29e20a28,Bronson,Sparrowe,bsparrowek6@smh.com.au,Polygender,166198
f9e31e56-4779-4123-af27-b39a2d09c1a4,Allie,Muddimer,amuddimerk7@ucoz.com,Female,128326
2b86ce80-4317-4812-91bf-20040648f97d,Kirsti,Meigh,kmeighk8@fc2.com,Female,208123
93fc65ad-7201-41ba-bb40-205c2264224f,Shawnee,Castlake,scastlakek9@mapy.cz,Polygender,55885
0d46cbcd-589b-4bdc-ae6a-eb7c2eb3c10a,Redd,De Bruyn,rdebruynka@alexa.com,Female,72732
fad6cd87-218f-469c-be3e-56d33f02c364,Jesus,Stangoe,jstangoekb@acquirethisname.com,Polygender,93069
cd962a88-5006-4d66-8cfc-02a152294693,Justus,Breckwell,jbreckwellkc@tinyurl.com,Female,176108
8d21aa1a-9fc5-40f6-a915-f2d75f08c871,Jobyna,Scadden,jscaddenkd@dyndns.org,Male,92011
55d65c8d-e80b-4b09-ad44-67034cdfa484,Hart,Teliga,hteligake@bizjournals.com,Male,243031
e597b15f-cb0c-4ac3-9636-48b63a581fb2,Yulma,Switland,yswitlandkf@chicagotribune.com,Female,121818
e7b6c146-da34-488f-8eb7-7c9f98b7186a,Pattin,Weitzel,pweitzelkg@umich.edu,Female,161457
dab6b8a4-195f-4f8d-a0cb-57e842d8593c,Corella,Lippi,clippikh@ameblo.jp,Non-binary,238883
01b12e46-987b-4c7b-bced-e6bdde79c564,Enoch,Kilbane,ekilbaneki@skype.com,Male,110009
ef2851b8-cf9c-471f-b8ba-e9d182cfc70e,Reba,Edwinson,redwinsonkj@gnu.org,Male,130687
68e21bcd-f36d-4b83-9147-756ea729b149,Kellia,Avrashin,kavrashinkk@cornell.edu,Bigender,184614
786de3d5-efd6-4bf2-8432-f647179410aa,Guss,Cancellieri,gcancellierikl@webnode.com,Bigender,73351
77a58d50-6a4e-415e-ab1a-75a1c69ff762,Lona,Durnill,ldurnillkm@bbc.co.uk,Male,227871
6741b7bb-bc70-403c-b211-c5fa63c83f1a,Andra,Kirwan,akirwankn@fotki.com,Female,160739
38693d00-a7de-4eb5-a572-82a0ddc74626,Scarlet,Wodeland,swodelandko@java.com,Non-binary,232035
e8324842-3762-4ff4-8ec1-2a04e8f32eb4,Isaiah,Pettman,ipettmankp@forbes.com,,168444
bc7d4caf-5a16-4523-819a-83c1ab3b7d0c,Carrissa,Manass,cmanasskq@slate.com,Male,141671
992a5e4c-821d-4e01-badd-ef212121a80a,Peyton,Hradsky,phradskykr@soup.io,Bigender,155788
5794fe3c-97b3-4d79-b4ca-e40c2311eabf,Leeland,Lumbley,llumbleyks@google.com,Female,115049
29024371-7ead-41c7-b515-21fdd09743f5,Geneva,Le Barr,glebarrkt@irs.gov,Female,147736
8bb96291-4c8e-4513-88f4-be7af47e902a,Fredra,Haselup,fhaselupku@marriott.com,Female,161681
07b5d12e-2a33-4496-91c8-4ebbbdf70325,Anjanette,Vashchenko,avashchenkokv@un.org,Male,109320
3533a42e-53f6-4112-ba83-88e5b2417f93,Onida,Cullon,ocullonkw@opensource.org,Female,160097
79635f35-b800-4f18-b68a-ce498cf54981,Olva,Boustred,oboustredkx@patch.com,Male,204610
25a4113e-18fd-4e79-bc88-8c439aa43475,Wendeline,Barnwill,wbarnwillky@webnode.com,Male,151007
4d9051df-f73b-4757-8429-9841596b7014,Stormie,Clunie,scluniekz@acquirethisname.com,Male,217465
2286e3c8-c510-45cf-b2e9-5ebceb67b122,Allie,Conley,aconleyl0@theglobeandmail.com,Female,148379
59ea2153-713b-4d47-aab9-dd309c67fe06,Nanni,Labeuil,nlabeuill1@studiopress.com,Female,199757
708fbae8-dda9-4ac7-95c1-ca529918df9b,Ebenezer,Villiers,evilliersl2@independent.co.uk,Male,226800
4e07182d-16a5-4bd4-a828-74daf61fcbfe,Siward,Booeln,sbooelnl3@amazon.co.jp,Female,166574
e527a930-a741-4fa3-aed1-bfd9d2468b8a,Gilberta,Kubicka,gkubickal4@buzzfeed.com,Male,222797
0bd86f1e-bd27-4167-9d17-7d4bb333a10a,Free,Skechley,fskechleyl5@dell.com,Genderfluid,158085
523e4b1a-946a-4778-b9b7-433c63d2adf7,Joelynn,Lumbly,jlumblyl6@barnesandnoble.com,Female,82613
c9eccc06-2f37-4041-b08a-f41d873a1ee9,Jorge,Landrean,jlandreanl7@hibu.com,Female,137984
ba40658a-f991-4623-8c63-443f6c4194aa,Reina,Davies,rdaviesl8@google.ru,Bigender,149781
0c0a1eb4-5708-4c49-adda-b9843eabf9f5,Andreana,Poge,apogel9@wsj.com,Female,103480
6691b502-ffaf-4e7e-a8f5-cba374171545,Tish,Enoksson,tenokssonla@alibaba.com,Female,
8a929cdf-2714-4ed8-a88a-356e8962428b,Collie,Bunyard,cbunyardlb@csmonitor.com,Female,195593
6e160aec-9163-4645-8885-d58e559c25ba,Goddart,Giraudeau,ggiraudeaulc@wunderground.com,Male,89107
28198088-d3aa-41ea-a90d-cfd70bb84be9,Debra,Luipold,dluipoldld@spiegel.de,Female,246971
71cb9861-e4b9-4d83-ab06-a8c78a1ebd40,Liza,Tregaskis,ltregaskisle@ow.ly,Male,115495
c062c221-0cfc-4582-bf4a-4eeaa12a5741,Andromache,Maun,amaunlf@g.co,Male,150365
5e4a447b-c0ea-45d9-9d47-1c8a721e7a4b,Hallsy,Giovanardi,hgiovanardilg@bloomberg.com,Female,177553
38582f65-7e07-45d6-9b6c-d6d8973b3fa2,Rafaelia,Spensley,rspensleylh@craigslist.org,Genderqueer,98597
e78c0b14-0dca-4362-a3f7-fe4d2b99a492,Corette,Cordery,ccorderyli@yelp.com,Female,57738
e32fd5db-102c-4182-896a-ea80e5d1c232,Jo-anne,Clemendet,jclemendetlj@cornell.edu,Male,235065
e3a4d316-4761-4581-8dca-bdde631777b3,Sharia,Mellor,smellorlk@de.vu,Female,245197
8a18bc43-2160-4081-86a5-171896db6809,Shelby,Nawton,snawtonll@guardian.co.uk,Male,57159
8f4cbace-ebed-49b5-bd1f-8896f349c668,Markos,Ben-Aharon,mbenaharonlm@icio.us,Male,157241
9ce8a164-6f1c-4d21-b847-9beec2f62066,Shamus,Anderbrugge,sanderbruggeln@homestead.com,Polygender,181609
e0032cb1-07ba-4030-8d8e-cc5b51a58b3a,Lenna,Beckensall,lbeckensalllo@irs.gov,Male,55828
a85b8d05-ddfa-4ec5-8d8f-1ec6a1c394c6,Fawnia,Slesser,fslesserlp@edublogs.org,Genderqueer,238289
2ac3ac69-19c5-4f14-bec4-834ac0ae8351,Glenine,Titmuss,gtitmusslq@parallels.com,Male,102666
d6a6126d-e703-4ef2-b27c-73eab9187ab9,Tessy,Stiffell,tstiffelllr@infoseek.co.jp,Male,247533
51c6e8a0-345c-4557-9c79-1d83e2f01d12,Shirleen,Bernaert,sbernaertls@slate.com,Genderfluid,114838
9da9d906-fcd8-41ee-9013-8bca121fb1f7,Kele,Schuck,kschucklt@feedburner.com,Female,210802
90815b7d-97c7-4561-b978-332d44f24d49,Garold,Fanthom,gfanthomlu@comcast.net,Female,137718
b5e13689-b737-4489-a9a7-40ec61ea6253,Tod,Fliege,tfliegelv@parallels.com,Male,244181
77acd194-2f70-4d24-8154-49bff5c4e4d5,Julee,Scambler,jscamblerlw@tamu.edu,Male,216302
7fc50846-c7bc-4b77-a4e9-978b9c0ed74a,Philipa,Broad,pbroadlx@timesonline.co.uk,Male,194302
17fd5319-3dd2-41c2-a979-999ef6e5f85e,Pryce,Brompton,pbromptonly@un.org,Female,217600
21dc5909-829d-432b-b3bb-537ffb2837cb,Leeanne,Yockley,lyockleylz@fema.gov,Male,107887
885e7206-aba6-4457-98e3-f87000e2ef9a,Magdalena,Nolin,mnolinm0@gmpg.org,Genderqueer,192407
7a5300e9-eaba-49d4-acd8-e56af96f7dce,Stormy,Liptrot,sliptrotm1@storify.com,Female,225265
d02dbc5e-8471-4a30-8846-c215551c6db0,Maitilde,Jupp,mjuppm2@amazon.co.uk,Female,202591
69862671-f2a9-47fb-b61a-02a110356729,Florentia,Ekkel,fekkelm3@altervista.org,Female,211903
98205d72-a3aa-4497-b06c-ceab9b0a7e42,Staford,Yuryaev,syuryaevm4@blogspot.com,Male,126504
9822f5bd-0ead-4480-b542-52834f328297,Nydia,Gatling,ngatlingm5@wiley.com,Male,89261
c402ede6-0f0b-456a-9524-cb669c9abf57,Horton,Cheng,hchengm6@shop-pro.jp,Female,129786
fa998dac-ce52-4dee-80d2-a808e957883e,Emili,Redgrave,eredgravem7@answers.com,Non-binary,202320
8ff1fbe1-ff67-4f2f-8221-792a9d5bdf1e,Herculie,Kindred,hkindredm8@skyrock.com,Female,244209
b77be188-e8e6-4657-82ec-061c2704294e,Garnet,Boardman,gboardmanm9@abc.net.au,Female,248678
f348d17f-81b0-4aed-93a0-f23710e50cb1,Merry,Jeandet,mjeandetma@sciencedirect.com,Male,233516
088b1cac-a94d-4714-9abf-9eba61cde5eb,Lucho,Caple,lcaplemb@devhub.com,Genderfluid,
516453ad-7fbf-48b9-ad04-c51325b801e6,Wylie,Schiementz,wschiementzmc@chron.com,Female,108542
1c2c7e1a-72aa-4af2-8cd0-86b02233ae64,Hammad,Tomasek,htomasekmd@opensource.org,Male,239017
2ad0ba0f-ee51-4415-a290-99ebfe38da4c,Alonso,Hiddy,ahiddyme@ezinearticles.com,Male,76919
77cba14e-2c83-40d6-9545-a30ea0182239,Reed,Conrart,rconrartmf@artisteer.com,Female,129260
3be0d6c8-3ee3-46ad-b032-bd01ce552d7d,Abbey,Crellin,acrellinmg@vinaora.com,Male,128743
68c08d4b-62e7-4776-89fd-25287bf600ca,Krystyna,Worham,kworhammh@wsj.com,Male,212644
13a05438-1d2b-4a0f-b50a-3e5ec72a4026,Andree,Maddock,amaddockmi@facebook.com,Male,224919
b09d6766-d063-4597-b486-2c7ae1aa0453,Audrie,Neubigging,aneubiggingmj@edublogs.org,Male,243959
63625a55-3796-4d33-9b04-2bbf99e5da24,Iris,Bailes,ibailesmk@illinois.edu,Female,211606
86256610-771c-4a33-a947-9416ba9b0dbf,Marlin,Gerrard,mgerrardml@bloglovin.com,Male,98798
91b4ed14-e883-4c44-a658-239771d933ea,Branden,Meert,bmeertmm@irs.gov,Female,73198
ac0cb323-93d7-4a69-9cfa-b7e5feb36dcc,Reyna,Wagge,rwaggemn@issuu.com,Female,249585
42611b96-efe1-4723-913b-0263dbf1e497,Janette,Allder,jalldermo@gravatar.com,Female,51014
afadff72-eb60-41e2-bdbe-257077259630,Desirae,Benedetti,dbenedettimp@naver.com,Female,71653
fcd1237a-0c23-4eea-9eaf-870ef8d760b4,Sanford,Render,srendermq@opera.com,Male,60273
b78eb570-ffa1-44db-afe0-33786418f62a,Parry,D'Angeli,pdangelimr@wsj.com,Female,227887
7dc4669f-21d1-4134-b4ad-c956f72ff180,Fredric,Crusham,fcrushamms@list-manage.com,Genderfluid,186813
5c7e4e67-862f-4972-acfc-01a55db7ae82,Ellie,Paynes,epaynesmt@illinois.edu,Female,222954
9b741968-b18c-4c3b-86cf-fc758245c9b8,Osmond,Gonzalo,ogonzalomu@howstuffworks.com,Male,129525
ebf44c84-00e7-47d4-ac5a-fa4c079ed36b,Amara,Sammes,asammesmv@qq.com,Male,95947
375f9632-ed8b-4958-8fe0-cb13f1b28c0e,Deerdre,McMenamy,dmcmenamymw@utexas.edu,Male,124836
9803d361-ff66-460c-8399-ee8370f7bf48,Etan,Fatscher,efatschermx@typepad.com,Female,246976
07650d93-7472-4b9f-89bf-66730c8eb669,Linn,Harome,lharomemy@webnode.com,Male,174826
919fa249-4e9f-4f03-94c3-ed49e4f02f6a,Marguerite,Lusher,mlushermz@over-blog.com,Bigender,71354
63fa8319-d289-4292-bc32-120899d8b3df,Thaddeus,Burston,tburstonn0@wufoo.com,Male,111631
294bdef0-c42c-4cbd-a8b6-5ea0fb5a55dd,Turner,Keri,tkerin1@usa.gov,Male,215573
19c458c6-0d4f-4dfa-b337-0579ba914d64,Rayner,Halvosen,rhalvosenn2@ameblo.jp,Male,165036
21270d97-92d2-4217-bfd2-8bc53252664d,Moishe,Erni,mernin3@photobucket.com,Male,135529
7172e42f-879d-482b-8c09-0d39329de355,Florette,Barsham,fbarshamn4@google.es,Male,85941
a554e5ac-2835-455c-803a-b72d9d94a01d,Dene,Tiddeman,dtiddemann5@admin.ch,Male,204500
d2f993a4-43b9-4be7-ab53-cf9a04ad5496,Jeane,Colam,jcolamn6@paginegialle.it,Female,84309
78542f56-e250-4b46-a5ba-9aeacba17288,Iseabal,Sperry,isperryn7@xing.com,Female,171544
544e965f-1880-4c60-b388-ddd1bbd61a62,Elysha,Osborn,eosbornn8@histats.com,Bigender,144834
9e3dfcc7-4f55-435f-a685-936220a33be8,Desdemona,Tod,dtodn9@1688.com,Female,158572
a5c16877-3be2-4417-9d10-66b3f0fc9df0,Edward,Dami,edamina@lulu.com,Female,59251
1c7541f1-232b-4779-bf4b-5afb94984270,Clarinda,Naseby,cnasebynb@odnoklassniki.ru,Agender,104144
5e2c94c2-e3fa-4e26-8687-d9467c7bb031,Franny,Brightling,fbrightlingnc@microsoft.com,Male,81279
9a8c9770-2256-4c89-bb02-287d99b5af02,Burty,Wadworth,bwadworthnd@seattletimes.com,Male,71038
8b5db810-18ff-42c8-8908-13db3c98a547,Fran,Bidgood,fbidgoodne@acquirethisname.com,Male,114870
59f2cc4a-752b-498c-a335-3af78b33f53b,Sandra,Winthrop,swinthropnf@berkeley.edu,Male,170203
c7c39656-c187-4d1c-894f-29002b39eff3,Tobi,Nowill,tnowillng@moonfruit.com,Female,239559
85830960-43cb-4076-a68f-6ac912a98c97,Perl,Goskar,pgoskarnh@seattletimes.com,Male,68297
f16f61cb-ac9b-46dd-b198-40c9662880f7,Ignatius,Littell,ilittellni@cyberchimps.com,Female,158033
e5040fad-cd3e-4e3a-ad7a-0c53ea1049e4,Jena,McClary,jmcclarynj@surveymonkey.com,Agender,98070
b5ea3e18-5468-489a-985b-3c24c2a1e18a,Aloin,Cannavan,acannavannk@skype.com,Female,118144
15b94e78-f8ea-42dc-9433-7132d7aed7cd,Crichton,Wallwork,cwallworknl@unicef.org,Bigender,201016
46be48a8-e89e-4410-a287-9d9b646c4d24,Cherie,Attwood,cattwoodnm@slate.com,Male,125134
204ef565-a498-4837-952f-44ad41c097f4,Jessalin,Nelligan,jnelligannn@blogs.com,Male,174330
e941535d-f54d-4e17-8919-ea1bcb4bbb05,Elwood,Bartelli,ebartellino@discovery.com,Female,63995
f61bd43c-3b2b-4b92-ad33-6d98043fa861,Christye,Postgate,cpostgatenp@360.cn,Female,214053
199af3be-cf8d-4cf5-b198-6447b9e969f1,Natasha,Elderbrant,nelderbrantnq@theglobeandmail.com,Female,171725
8d2aae9e-b010-48d7-9c28-ed168d0d5b27,Alvera,Bemlott,abemlottnr@blogger.com,Male,213187
2d523af8-4b82-4c3d-8568-4a29130041eb,Brande,Soitoux,bsoitouxns@bravesites.com,Male,54203
9ba32066-8e24-4e11-8aa8-ebaaaa1e67cb,Cyrillus,Kippin,ckippinnt@lycos.com,Male,75818
b3ab49dd-a957-4150-b0c2-45de0877d901,Adlai,Huffa,ahuffanu@discuz.net,Male,
26981a93-dafa-4b89-83a8-b741976d431d,Lizabeth,Chetwind,lchetwindnv@about.com,,57570
290e14f3-7699-49b1-9e1a-cbd8addf9321,Giavani,Babe,gbabenw@woothemes.com,Female,97901
e3d78e7a-5d7a-4be4-9c48-bf637f464c22,Nikolos,Caulder,ncauldernx@go.com,Female,124906
c6ea8f13-c539-439e-8a5a-d29e9a4d7b43,Nancee,MacKinnon,nmackinnonny@google.fr,Female,108519
2d58f1af-877f-4703-8ad9-79d100b06144,Shawn,Kirstein,skirsteinnz@drupal.org,Female,
9bc3bd7f-fb76-4fac-bf97-bdc5f3c334ce,Ethelred,Cardis,ecardiso0@dedecms.com,Female,
9c78d891-d468-45dc-a6e1-672af4e2f6f6,Reidar,Scorrer,rscorrero1@skype.com,Male,98542
3701be62-1c90-46b8-8e35-8dc3b5c1d79b,Gordie,Rotherforth,grotherfortho2@indiatimes.com,Male,239913
dc3199b3-e8b2-4e38-8dba-028f4a91bf06,Raimundo,Willatt,rwillatto3@etsy.com,Female,177673
0ba99b5e-7019-49ce-93e6-2cb3b005cbd0,Drud,Deniseau,ddeniseauo4@ameblo.jp,Male,233255
5c9498a9-ff25-4698-9367-60ef050d9734,Olin,Riches,oricheso5@amazon.com,Female,245791
cbc6ac18-a54a-4c4f-9a0f-5e318a425e7c,Lesly,Johanning,ljohanningo6@gmpg.org,Female,224316
149df51f-c5e7-4838-b7ca-f9273df462a0,Ralf,Bonney,rbonneyo7@qq.com,Female,233756
20c8ae9e-aeab-48dd-8606-1511477d30a6,Alexine,Labes,alabeso8@utexas.edu,Female,193973
9c6e2b31-2801-42cd-b4ea-c02e4c7b315d,Biddie,Champney,bchampneyo9@sciencedaily.com,Male,198371
4e0e3a87-bb07-4dde-9aea-ca70f74ed6f8,Gracie,Placstone,gplacstoneoa@squidoo.com,Female,207358
65782849-4214-4f63-af19-207492188409,Lonni,Sussams,lsussamsob@seattletimes.com,Male,77310
acb9eb9e-7eb5-48d1-ad45-61ecb11e9edc,Derick,Skaid,dskaidoc@baidu.com,Male,170405
3da4715a-48fc-4e2c-b438-e4d6aa578746,Rafi,Rubinowitz,rrubinowitzod@usatoday.com,Female,
2fc6980c-f334-41ee-8724-d1c71b3602a5,Corenda,Rookesby,crookesbyoe@free.fr,Female,224394
166aea4f-b5f6-45c2-8c7b-3534253d42ae,Fredrick,Santoro,fsantoroof@istockphoto.com,Genderqueer,143819
7a746be4-7679-48e2-9048-dd67f3ba80a0,Asher,Argo,aargoog@rakuten.co.jp,Male,175345
07b3542b-0de9-4586-938a-cbb48082216e,Bevan,Guild,bguildoh@nasa.gov,Male,168877
8dae46c8-f899-4189-9cd1-b77f1f49cdca,Maggie,Backshill,mbackshilloi@latimes.com,Male,60371
cbc0b60b-136e-40b6-a743-3f8bce0016aa,Reider,Edgecombe,redgecombeoj@google.fr,Female,199183
a7c8e469-063f-4397-872c-7ae1c8002d0c,Kiersten,Pindred,kpindredok@mysql.com,Male,153045
4546ba4c-f7bb-4017-8d09-84192701c3ee,Kimberly,Dumini,kduminiol@tumblr.com,Female,55295
2f0bca66-9b44-4f45-94a7-bbc219ad8696,Carolina,Ferriby,cferribyom@tamu.edu,Polygender,139374
68902cb9-935f-4f88-8e7e-869d3761c18e,Avery,Skep,askepon@istockphoto.com,Male,203732
0d431026-230a-453a-b791-35e25ea4db4a,Etty,Rahlof,erahlofoo@qq.com,Female,229878
201035c5-d6dd-4be5-9098-9d80acbba46c,Renault,Tolwood,rtolwoodop@flavors.me,Female,66894
3718b1ea-371b-40bf-9401-2ad74e68cb35,Barton,O'Duilleain,boduilleainoq@example.com,Male,197520
abdc38fc-8703-4a49-9f9d-6ccf425943da,Dex,Archibould,darchibouldor@reuters.com,Male,110083
ab71160e-9842-415d-a939-8f0e019c7428,Ladonna,McCritichie,lmccritichieos@yellowbook.com,Male,111781
b30baaf2-ac1c-498c-a4fb-a70dd830a878,Tobey,Schwerin,tschwerinot@mysql.com,Agender,150398
c2ccf6cf-9bde-42bc-a143-36f03a4a4314,Lilyan,Lukes,llukesou@redcross.org,Female,177291
9c8434b9-4ee2-4120-97a8-0e16238a94b4,Scarlet,Ganing,sganingov@army.mil,Female,123543
5dbf538f-2d1d-4a61-bded-f765cb858ba9,Garvy,Kaminski,gkaminskiow@state.tx.us,Female,73866
7ca91177-3776-4607-8fa9-bd728ef712a6,Justis,Presslie,jpresslieox@livejournal.com,Male,102343
cf2041a7-d6c9-400e-8dec-37a83f5fcfb9,Margot,Stubbings,mstubbingsoy@aboutads.info,Female,197875
e66912fe-dee5-4ff6-8803-2d1ce0b11741,Barn,Jakubowsky,bjakubowskyoz@gravatar.com,Female,236829
cdeb1e95-c025-41b9-b644-691344e70b0b,Giavani,Currie,gcurriep0@woothemes.com,Female,
4cc79c3c-7e7c-431a-a5b6-92a3ecd5b23e,Jan,De Ortega,jdeortegap1@ucsd.edu,Female,52603
2c90bc5a-4303-4bde-86f3-df6d7aa8dbb3,Roy,Babin,rbabinp2@dedecms.com,Male,192551
ee8581e6-c649-4f81-9650-689edfacbd5a,Giacopo,Allcock,gallcockp3@webeden.co.uk,Male,111950
2f08537c-85cc-430b-bc22-cac0b9e67fed,Janean,Mc Caghan,jmccaghanp4@craigslist.org,Male,72273
dae0fbc4-cc0c-4a0c-8e8d-feec60de39e1,Cordie,Shetliff,cshetliffp5@wix.com,Male,236699
64b80164-0c74-4e0f-83c4-2310ec96d490,Barby,Maybery,bmayberyp6@godaddy.com,Female,132872
1c0b9076-9dc4-4a54-8e5c-6f0291b90eaf,Becky,Armstead,barmsteadp7@ebay.co.uk,Male,176555
2ba223d9-4da1-41fb-83fb-50c511346fb1,Cristobal,Bloxsum,cbloxsump8@scientificamerican.com,Female,109455
5bc60cc6-c451-40b2-8ce2-94718baee956,Vivi,Okker,vokkerp9@webs.com,Male,168652
cfffddf5-fa8c-4079-8423-934e4cac1696,Giustino,Sallan,gsallanpa@weather.com,Male,151415
5c284b96-df7f-479f-9edf-8d136dfe79aa,Archer,McNair,amcnairpb@elpais.com,Female,58032
5f4f816e-3673-4029-94a2-61866f81acf1,Vivianne,Davison,vdavisonpc@google.de,Male,209941
64f2b024-e18d-485e-9757-1d0a5d2237a1,Antonia,Adamski,aadamskipd@dion.ne.jp,Non-binary,96513
b64ef1d8-5a17-4dc9-8d81-7a671de8db5b,Dian,Wrangle,dwranglepe@mysql.com,Female,197244
500140c9-7a07-4157-a07a-4822118a8291,Jess,Haworth,jhaworthpf@paginegialle.it,Female,74840
d0df4010-3174-42f0-a9e6-dedf5e48aa5e,Alano,Boultwood,aboultwoodpg@deliciousdays.com,Bigender,61262
8f7aa553-ed27-4302-8248-c9de8c6a5619,Clerc,Rossant,crossantph@google.nl,Male,196381
3f2ddf82-f0aa-4847-8ffc-066b950c1860,Celka,Wombwell,cwombwellpi@ed.gov,Female,119434
f4d1142e-9408-49e7-ba64-65d9a5822da5,Arlin,Breacher,abreacherpj@theatlantic.com,Female,168336
874a32ea-4cea-4bb8-97f5-7cf54eec4b39,Heda,Chipps,hchippspk@yahoo.co.jp,Agender,102791
2ccf9473-239e-400a-adf8-febfa7a0431f,Sherwynd,Tremollet,stremolletpl@ow.ly,Male,166517
b426d09a-7e93-45bf-b1f1-aeafd3c9ea92,Reg,Hounsham,rhounshampm@exblog.jp,Female,132457
ff89986e-8942-417f-9487-c07ed6e14dff,Verene,Paolino,vpaolinopn@dion.ne.jp,Female,199765
88d437f4-c0bf-424e-b22c-6bdd58f18447,Irena,McDowall,imcdowallpo@desdev.cn,Male,
63252608-871f-4dc5-8541-12887a830178,Barr,Cudde,bcuddepp@comsenz.com,Male,249037
1f50b5cd-0202-4289-80f7-c1a752af63c4,Emmet,Suttaby,esuttabypq@google.com.hk,Male,177567
4720f419-0d16-4052-9568-3efd83929189,Akim,Karolewski,akarolewskipr@freewebs.com,Genderqueer,106339
3cb9c518-5750-4d17-b872-3a54edbefed4,Rikki,Yakunin,ryakuninps@vimeo.com,Female,105126
3f4c1f37-264c-4020-969a-f16387cd0b8c,Dillon,Probart,dprobartpt@domainmarket.com,Male,72751
11bd5625-4131-4eaf-a29f-26b4cd2e9ac2,Paulie,Regi,pregipu@marriott.com,Female,83733
182079e2-da26-475c-a758-5cf2d340ab95,Elliot,Gartrell,egartrellpv@ycombinator.com,Male,226865
1c4aea4d-cc31-46d3-9b32-84f5990acc94,Kimberlee,Deppe,kdeppepw@blogspot.com,Female,150265
c63b7c5a-6e30-4688-8c02-3e44764469aa,Ninnette,Kenneway,nkennewaypx@nydailynews.com,Female,76392
c9b4c81f-e225-49f3-9195-29774717614b,Wini,Patley,wpatleypy@webnode.com,Female,160499
b9735a16-a54f-407f-ad4e-2cc8fccc520b,Madlen,Ricardou,mricardoupz@blog.com,Bigender,76929
adfdd5a3-08e6-4227-90d9-5b15260440dc,Dedie,Sherrin,dsherrinq0@mail.ru,Female,157131
a27e7643-ecd5-4441-b0b9-5a0bdd133c99,Mead,Dispencer,mdispencerq1@salon.com,Male,218242
16e1de84-d671-4ff9-82d8-88cd31b920c2,Chloris,Puddefoot,cpuddefootq2@wikimedia.org,Female,159598
95057adc-2e53-4cab-b355-1073950dd450,Ardine,Reihm,areihmq3@slate.com,Agender,82709
713e1726-35d0-4c80-aeac-746f84dfcbaa,Xymenes,Vairow,xvairowq4@tamu.edu,Female,134445
bfbe64ab-1672-41f8-b5e9-4d8f0862ced2,Lynnette,Sangwin,lsangwinq5@wordpress.org,Male,67368
37ebd0bc-3629-44fa-908f-1fc5efd2bf5a,Ninnetta,Sims,nsimsq6@noaa.gov,Female,144425
5ab98adb-2571-4c3c-91e7-4b522cce1d9f,Kenna,McGinnell,kmcginnellq7@youtube.com,Female,175684
877ee413-9299-4877-9748-81753aceda9a,Wildon,Agronski,wagronskiq8@spotify.com,Male,249925
a3154914-bcbc-4442-b9ca-c4776d06877f,Hobart,Bowlas,hbowlasq9@wix.com,Male,239394
b727627b-5a82-4604-a668-d732dc1db756,Tybie,Rickardsson,trickardssonqa@umn.edu,Male,234522
fc73b3e2-6a88-4d07-b753-ca8eafc54033,Jolyn,Amberg,jambergqb@dyndns.org,,97795
b4b196e9-da15-4204-a24f-58367c5bde21,Abram,Rijkeseis,arijkeseisqc@feedburner.com,Female,96685
bf327f4b-246c-4315-ab55-987bb7ae3e5a,Shawn,Ebden,sebdenqd@wikispaces.com,Non-binary,121009
15658c8e-aac6-4716-a2da-2a3fe29f489e,Rance,Le feaver,rlefeaverqe@addtoany.com,Male,98923
f90b8a4e-096a-44f7-9893-1f3febff7b89,Alva,Clouston,acloustonqf@apple.com,Male,150369
08e6197c-a254-495f-a12f-599315851b48,Betsy,Durdy,bdurdyqg@spotify.com,Male,214238
79aefa96-2d05-4a4d-acde-b5c7493baa91,Birch,Spellsworth,bspellsworthqh@google.nl,Female,193309
d909c018-3b32-4a66-a633-5bd4e4520f84,Annamarie,Battison,abattisonqi@fotki.com,Male,245793
d2dadd5b-55b2-4f8e-aa33-765a14795957,Vernon,Cay,vcayqj@springer.com,Non-binary,186932
ee4b9ce5-70e6-4712-b365-fe67aeff4aa2,Cliff,Hardesty,chardestyqk@free.fr,Agender,185543
92bad87e-9255-4ee0-92ce-304ca377110e,Keven,Leslie,kleslieql@sogou.com,Female,160315
f0399b3d-fc12-4fc8-acfd-6aecdf7dd26e,Palm,Hoggan,phogganqm@merriam-webster.com,Female,215989
97a1b2af-e251-43ba-ac08-0880a1b66ac3,Drud,Collyns,dcollynsqn@loc.gov,Female,173517
5a5d7eb8-e811-46e7-817e-b10dfc60439f,Dolph,Willmont,dwillmontqo@amazon.co.jp,Female,232760
185d8ae0-dd2e-476d-a115-4c412c36cd2b,Eleanore,Desesquelle,edesesquelleqp@about.com,Male,169811
fb9afb11-c83c-4abd-b5ba-a19fd00e29ff,Meghann,Crush,mcrushqq@yolasite.com,Female,186061
fb954f87-dd08-4837-9056-e76781e3027d,Iain,Hazlegrove,ihazlegroveqr@woothemes.com,Female,149052
9b3e5aef-f2b2-46e5-9e56-67b6522a0b8a,Thia,Goodboddy,tgoodboddyqs@ow.ly,Female,112460
060a0ac5-b6d8-4f77-b24d-eb0bdd9e0452,Floria,Payn,fpaynqt@webnode.com,Genderqueer,83443
e95b48a9-e397-40b3-80b8-0255f39e15b1,Durward,Begwell,dbegwellqu@tripod.com,Male,167647
ec04f646-7bcc-4211-ad40-05596d75be47,Idalina,Obern,iobernqv@scribd.com,Female,193243
0605587e-3303-48d2-b3b9-e14d7e7b2140,Elisabeth,Whiteson,ewhitesonqw@taobao.com,Female,208668
07b71b1d-3eaa-435a-b4cc-987bfc237dfd,Gertrude,Treble,gtrebleqx@stumbleupon.com,Female,128121
d684472a-8ffb-4aab-95a6-6cab1399c927,Dame,Rounsefull,drounsefullqy@princeton.edu,Male,112053
4a7d4dcf-71f9-479b-98f1-64da31685c86,Lyndsey,Winscom,lwinscomqz@about.com,Male,199002
c03eb77e-d06a-4303-a394-c84d20513775,Ddene,Billborough,dbillboroughr0@slate.com,Polygender,171856
f18a1683-a380-4944-b77b-2ed8575b7aa5,Jeremias,Riccardini,jriccardinir1@woothemes.com,Female,77798
39f87e2e-cff2-4098-88c4-1d1329900350,Philly,Try,ptryr2@ftc.gov,Female,154163
93e0e9ad-4516-41f0-b4ab-9f5c42689b0a,Morlee,Pahlsson,mpahlssonr3@ucsd.edu,Female,70882
b624ad31-ee64-44cd-a591-6d19500a3b8c,Dael,Doleman,ddolemanr4@free.fr,Polygender,212708
caa33c30-4c95-4c21-9741-578491040915,Louella,Dowman,ldowmanr5@yellowpages.com,Male,205305
f37886ee-e47b-4827-b23c-3c79d369eb7b,Gearalt,Wallbanks,gwallbanksr6@123-reg.co.uk,Genderfluid,146632
e2fe94b8-c7c2-46c6-b4ad-5976ea0b742f,Vi,Tamburo,vtamburor7@berkeley.edu,Female,87864
96fad584-01dd-49d4-945e-82db023651fc,Dare,Willowby,dwillowbyr8@yellowpages.com,Female,191945
e98b1aed-f82a-492c-b903-8500d6581a55,Willabella,Loan,wloanr9@multiply.com,Female,177188
bd75bf66-0aab-466a-a524-1b679e3b3baf,Sheila,Spafford,sspaffordra@usatoday.com,Non-binary,125291
5a4e48d5-32cc-4bca-81e2-c87c1bc008a1,Tiff,Burfitt,tburfittrb@eepurl.com,Male,105233
545ca336-d6a0-4a19-a807-fc2696dccc9f,Erika,Offield,eoffieldrc@skyrock.com,Female,185681
4a3b2cec-2187-4691-aba9-699774a968df,Myrwyn,Ianni,miannird@topsy.com,Female,92640
19fd0985-d63e-40cf-a7c6-f632eb84a5a6,Ody,Blaxeland,oblaxelandre@yahoo.com,Female,198443
b08dcd59-77a1-4f8d-8bd2-f76aae3ef6f3,Sonny,Santorini,ssantorinirf@barnesandnoble.com,Genderqueer,132915
6d4397af-d6e1-4031-8933-3122b3896e3a,Janaya,Blenkiron,jblenkironrg@pen.io,Male,248436
fced317b-983b-4504-afd7-b34f23dd7ce6,Iorgos,Girodon,igirodonrh@weibo.com,Male,175891
16b3cfd4-2810-444f-a32c-e82fc03bf4af,Ailsun,Miskimmon,amiskimmonri@indiatimes.com,Female,166478
336fb232-7c30-45ab-94c1-0698a4a5b023,Lotte,Bullivant,lbullivantrj@dedecms.com,Male,67157
8e5f704e-ae6e-4511-b692-b5cfb41d13b4,Rae,Kiloh,rkilohrk@hao123.com,Female,199046
16dc93e1-9414-4bb8-8fc4-803ef7ea0b56,Liz,Lamboll,llambollrl@noaa.gov,Male,238196
445ec480-65c5-4811-909b-77b6b858d5dc,Germana,McNuff,gmcnuffrm@bandcamp.com,Male,181199
b55f6bf2-2f3e-4a91-bba8-ca1574c5a2ad,Dave,Guymer,dguymerrn@t-online.de,Male,176835
4a05491c-1bf7-47e8-a326-dc4ac72e561f,Normie,Sinnock,nsinnockro@squidoo.com,Female,66995
fa8d6d0d-c8ef-444c-86d7-58ba41610821,Mellisa,MacAdam,mmacadamrp@statcounter.com,Female,191027
58e0ebed-958e-4953-9ded-75bc98450190,Maddie,Troup,mtrouprq@parallels.com,Female,160773
5eaee153-1a45-4a03-a616-4ff986b6bf3f,Casi,Tomasi,ctomasirr@csmonitor.com,Female,246684
